Country Name,Time Period,ounces,tonnes,period
Algeria,2000,5582812.224,174.462882,year
Algeria,2001,5582812.224,174.462882,year
Algeria,2002,5582812.224,174.462882,year
Algeria,2003,5582812.224,174.462882,year
Algeria,2004,5582812.224,174.462882,year
Algeria,2005,5582812.224,174.462882,year
Algeria,2006,5582812.224,174.462882,year
Algeria,2007,5582812.224,174.462882,year
Algeria,2008,5582812.224,174.462882,year
Algeria,2009,5582812.224,174.462882,year
Algeria,2010,5582812.224,174.462882,year
Algeria,2011,5582812.224,174.462882,year
Algeria,2012,5582812.224,174.462882,year
Algeria,2013,5582812.224,174.462882,year
Algeria,2014,5582812.224,174.462882,year
Algeria,2015,5582812.224,174.462882,year
Algeria,2016,5582812.224,174.462882,year
Algeria,2017,5582812.224,174.462882,year
Algeria,2018,5582812.224,174.462882,year
Advanced Economies,2000,817317815.6,25541.18174,year
Advanced Economies,2001,804438319.7,25138.69749,year
Advanced Economies,2002,790739530.5,24710.61033,year
Advanced Economies,2003,775247826.8,24226.49459,year
Advanced Economies,2004,761553493.4,23798.54667,year
Advanced Economies,2005,744644795.2,23270.14985,year
Advanced Economies,2006,733569506.6,22924.04708,year
Advanced Economies,2007,716959655.3,22404.98923,year
Advanced Economies,2008,708246072.1,22132.68975,year
Advanced Economies,2009,704723880.1,22022.62125,year
Advanced Economies,2010,704498325.2,22015.57266,year
Advanced Economies,2011,705612716.5,22050.39739,year
Advanced Economies,2012,706436280.4,22076.13376,year
Advanced Economies,2013,706915500.5,22091.10939,year
Advanced Economies,2014,706810344.7,22087.82327,year
Advanced Economies,2015,706647938.5,22082.74808,year
Advanced Economies,2016,706337398,22073.04369,year
Advanced Economies,2017,706198498.2,22068.70307,year
Advanced Economies,2018,705924850.2,22060.15157,year
Albania,2000,111708.29,3.490884062,year
Albania,2001,110952,3.46725,year
Albania,2002,80818.496,2.525578,year
Albania,2003,69198.24,2.162445,year
Albania,2004,69203.77,2.162617813,year
Albania,2005,69209.38,2.162793125,year
Albania,2006,69214.59,2.162955938,year
Albania,2007,69219.7,2.163115625,year
Albania,2008,50605.84,1.5814325,year
Albania,2009,50606.56,1.581455,year
Albania,2010,50605.72,1.58142875,year
Albania,2011,50606.55683,1.581454901,year
Albania,2012,50606.56633,1.581455198,year
Albania,2013,50606.56633,1.581455198,year
Albania,2014,50606.57,1.581455313,year
Albania,2015,50606.57,1.581455313,year
Albania,2016,50585.57,1.580799063,year
Albania,2017,50000,1.5625,year
Albania,2018,50000,1.5625,year
"Afghanistan, Islamic Republic of",2008,703004.944,21.9689045,year
"Afghanistan, Islamic Republic of",2009,703004.944,21.9689045,year
"Afghanistan, Islamic Republic of",2010,703004.944,21.9689045,year
"Afghanistan, Islamic Republic of",2011,703004.944,21.9689045,year
"Afghanistan, Islamic Republic of",2012,703004.944,21.9689045,year
"Afghanistan, Islamic Republic of",2013,703004.944,21.9689045,year
"Afghanistan, Islamic Republic of",2014,703004.944,21.9689045,year
"Afghanistan, Islamic Republic of",2015,703004.944,21.9689045,year
"Afghanistan, Islamic Republic of",2016,703004.944,21.9689045,year
"Afghanistan, Islamic Republic of",2017,703004.944,21.9689045,year
"Afghanistan, Islamic Republic of",2018,703004.944,21.9689045,year
Australia,2000,2563000,80.09375,year
Australia,2001,2563000,80.09375,year
Australia,2002,2563000,80.09375,year
Australia,2003,2563000,80.09375,year
Australia,2004,2564000,80.125,year
Australia,2005,2565000,80.15625,year
Australia,2006,2565000,80.15625,year
Australia,2007,2566000,80.1875,year
Australia,2008,2567000,80.21875,year
Australia,2009,2567384.785,80.23077453,year
Australia,2010,2567400,80.23125,year
Australia,2011,2567384.24,80.2307575,year
Australia,2012,2567384.24,80.2307575,year
Australia,2013,2567384.24,80.2307575,year
Australia,2014,2567384.24,80.2307575,year
Australia,2015,2503000,78.21875,year
Australia,2016,2342000,73.1875,year
Australia,2017,2342000,73.1875,year
Australia,2018,2210000,69.0625,year
Argentina,2000,19000,0.59375,year
Argentina,2001,9000,0.28125,year
Argentina,2002,9000,0.28125,year
Argentina,2003,9213.832,0.28793225,year
Argentina,2004,1769975,55.31171875,year
Argentina,2005,1760000,55,year
Argentina,2006,1760000,55,year
Argentina,2007,1760000,55,year
Argentina,2008,1760000,55,year
Argentina,2009,1760000,55,year
Argentina,2010,1760000,55,year
Argentina,2011,1984957.262,62.02991444,year
Argentina,2012,1984957.26,62.02991438,year
Argentina,2013,1984957.26,62.02991438,year
Argentina,2014,1984957.26,62.02991438,year
Argentina,2015,1984957.26,62.02991438,year
Argentina,2016,1824957.252,57.02991413,year
Argentina,2017,1761357.249,55.04241403,year
Argentina,2018,1761463.431,55.04573222,year
Aruba,2000,100000,3.125,year
Aruba,2001,100000,3.125,year
Aruba,2002,100000,3.125,year
Aruba,2003,100000,3.125,year
Aruba,2004,100000,3.125,year
Aruba,2005,100000,3.125,year
Aruba,2006,100000,3.125,year
Aruba,2007,100000,3.125,year
Aruba,2008,100000,3.125,year
Aruba,2009,100000,3.125,year
Aruba,2010,100000,3.125,year
Aruba,2011,100000,3.125,year
Aruba,2012,100000,3.125,year
Aruba,2013,100000,3.125,year
Aruba,2014,100000,3.125,year
Aruba,2015,100000,3.125,year
Aruba,2016,100000,3.125,year
Aruba,2017,100000,3.125,year
Aruba,2018,100000,3.125,year
Austria,2000,12137000,379.28125,year
Austria,2001,11172000,349.125,year
Austria,2002,10208000,319,year
Austria,2003,10208000,319,year
Austria,2004,9886000,308.9375,year
Austria,2005,9725000,303.90625,year
Austria,2006,9283000,290.09375,year
Austria,2007,9002000,281.3125,year
Austria,2008,9002000,281.3125,year
Austria,2009,9002000,281.3125,year
Austria,2010,9002000,281.3125,year
Austria,2011,9002000,281.3125,year
Austria,2012,9002000,281.3125,year
Austria,2013,9002000,281.3125,year
Austria,2014,9002000,281.3125,year
Austria,2015,9002000,281.3125,year
Austria,2016,9002000,281.3125,year
Austria,2017,9002000,281.3125,year
Austria,2018,9002000,281.3125,year
"Armenia, Republic of",2000,44600,1.39375,year
"Armenia, Republic of",2001,44900,1.403125,year
"Armenia, Republic of",2002,44899.9411,1.403123159,year
"Azerbaijan, Republic of",2009,64.3,0.002009375,year
"Azerbaijan, Republic of",2010,64.3,0.002009375,year
"Azerbaijan, Republic of",2011,64.3,0.002009375,year
"Azerbaijan, Republic of",2012,64.3,0.002009375,year
"Azerbaijan, Republic of",2013,643514.94,20.10984187,year
"Azerbaijan, Republic of",2014,970027.23,30.31335094,year
"Azerbaijan, Republic of",2015,970027.23,30.31335094,year
"Azerbaijan, Republic of",2016,643514.94,20.10984187,year
"Azerbaijan, Republic of",2017,64.3,0.002009375,year
"Azerbaijan, Republic of",2018,64.3,0.002009375,year
Bangladesh,2000,108668,3.395875,year
Bangladesh,2001,110680,3.45875,year
Bangladesh,2002,112390,3.5121875,year
Bangladesh,2003,112000,3.5,year
Bangladesh,2004,112600,3.51875,year
Bangladesh,2005,112600,3.51875,year
Bangladesh,2006,112574,3.5179375,year
Bangladesh,2007,112800,3.525,year
Bangladesh,2008,112761,3.52378125,year
Bangladesh,2009,112779,3.52434375,year
Bangladesh,2010,434400,13.575,year
Bangladesh,2011,434500,13.578125,year
Bangladesh,2012,434500,13.578125,year
Bangladesh,2013,434462.523,13.57695384,year
Bangladesh,2014,443112.24,13.8472575,year
Bangladesh,2015,443112.24,13.8472575,year
Bangladesh,2016,443112.24,13.8472575,year
Bangladesh,2017,449127.44,14.0352325,year
Bangladesh,2018,449143.36,14.03573,year
"Bahrain, Kingdom of",2000,150000,4.6875,year
"Bahrain, Kingdom of",2001,150000,4.6875,year
"Bahrain, Kingdom of",2002,150000,4.6875,year
"Bahrain, Kingdom of",2003,150000,4.6875,year
"Bahrain, Kingdom of",2004,150000,4.6875,year
"Bahrain, Kingdom of",2005,150000,4.6875,year
"Bahrain, Kingdom of",2006,150000,4.6875,year
"Bahrain, Kingdom of",2007,150000,4.6875,year
"Bahrain, Kingdom of",2008,150000,4.6875,year
"Bahrain, Kingdom of",2009,150000,4.6875,year
"Bahrain, Kingdom of",2010,150000,4.6875,year
"Bahrain, Kingdom of",2011,150000,4.6875,year
"Bahrain, Kingdom of",2012,150000,4.6875,year
"Bahrain, Kingdom of",2013,150000,4.6875,year
"Bahrain, Kingdom of",2014,150000,4.6875,year
"Bahrain, Kingdom of",2015,150000,4.6875,year
"Bahrain, Kingdom of",2016,150000,4.6875,year
"Bahrain, Kingdom of",2017,150000,4.6875,year
"Bahrain, Kingdom of",2018,150000,4.6875,year
Belarus,2002,200000,6.25,year
Belarus,2003,100000,3.125,year
Belarus,2004,200000,6.25,year
Belarus,2005,400000,12.5,year
Belarus,2006,500000,15.625,year
Belarus,2007,271600,8.4875,year
Belarus,2008,432500,13.515625,year
Belarus,2009,743752.7539,23.24227356,year
Belarus,2010,1134400,35.45,year
Belarus,2011,1209700,37.803125,year
Belarus,2012,1373800,42.93125,year
Belarus,2013,1425700,44.553125,year
Belarus,2014,1364600,42.64375,year
Belarus,2015,1348300,42.134375,year
Belarus,2016,1484200,46.38125,year
Belarus,2017,1496200,46.75625,year
Belarus,2018,1509500,47.171875,year
Belgium,2000,8298000,259.3125,year
Belgium,2001,8297000,259.28125,year
Belgium,2002,8294000,259.1875,year
Belgium,2003,8291000,259.09375,year
Belgium,2004,8287000,258.96875,year
Belgium,2005,7320000,228.75,year
Belgium,2006,7320000,228.75,year
Belgium,2007,7318000,228.6875,year
Belgium,2008,7315000,228.59375,year
Belgium,2009,7315000,228.59375,year
Belgium,2010,7314000,228.5625,year
Belgium,2011,7313000,228.53125,year
Belgium,2012,7313000,228.53125,year
Belgium,2013,7312000,228.5,year
Belgium,2014,7312000,228.5,year
Belgium,2015,7311000,228.46875,year
Belgium,2016,7311000,228.46875,year
Belgium,2017,7311000,228.46875,year
Belgium,2018,7311000,228.46875,year
Bolivia,2000,938885.2589,29.34016434,year
Bolivia,2001,938885.26,29.34016438,year
Bolivia,2002,911074.892,28.47109038,year
Bolivia,2003,911074.89,28.47109031,year
Bolivia,2004,911074.89,28.47109031,year
Bolivia,2005,911074.89,28.47109031,year
Bolivia,2006,911074.89,28.47109031,year
Bolivia,2007,911074.89,28.47109031,year
Bolivia,2008,911074.89,28.47109031,year
Bolivia,2009,911074.89,28.47109031,year
Bolivia,2010,1136125,35.50390625,year
Bolivia,2011,1361174.89,42.53671531,year
Bolivia,2012,1361174.89,42.53671531,year
Bolivia,2013,1366822.91,42.71321594,year
Bolivia,2014,1366822.91,42.71321594,year
Bolivia,2015,1366822.91,42.71321594,year
Bolivia,2016,1366822.91,42.71321594,year
Bolivia,2017,1366822.91,42.71321594,year
Bolivia,2018,1366822.91,42.71321594,year
Bosnia and Herzegovina,2009,42366.316,1.323947375,year
Bosnia and Herzegovina,2010,32000,1,year
Bosnia and Herzegovina,2011,64000,2,year
Bosnia and Herzegovina,2012,64000,2,year
Bosnia and Herzegovina,2013,96000,3,year
Bosnia and Herzegovina,2014,96000,3,year
Bosnia and Herzegovina,2015,96000,3,year
Bosnia and Herzegovina,2016,96000,3,year
Bosnia and Herzegovina,2017,96000,3,year
Bosnia and Herzegovina,2018,96000,3,year
Brazil,2000,2118100,66.190625,year
Brazil,2001,1097306.084,34.29081512,year
Brazil,2002,1079959.966,33.74874894,year
Brazil,2003,1080145.019,33.75453185,year
Brazil,2004,1080092.068,33.75287712,year
Brazil,2005,1080068.647,33.75214522,year
Brazil,2006,1080191.366,33.75598019,year
Brazil,2007,1080367.832,33.76149476,year
Brazil,2008,1080459.824,33.76436951,year
Brazil,2009,1080459.824,33.76436951,year
Brazil,2010,1080459.824,33.76436951,year
Brazil,2011,1080459.824,33.76436951,year
Brazil,2012,2160459.824,67.5143695,year
Brazil,2013,2160459.82,67.51436938,year
Brazil,2014,2160459.82,67.51436938,year
Brazil,2015,2160459.82,67.51436938,year
Brazil,2016,2163439.63,67.60748844,year
Brazil,2017,2163439.63,67.60748844,year
Brazil,2018,2165779.76,67.6806175,year
Bulgaria,2000,1283535.237,40.11047616,year
Bulgaria,2001,1285213.066,40.16290831,year
Bulgaria,2002,1281882.811,40.05883784,year
Bulgaria,2003,1281500,40.046875,year
Bulgaria,2004,1280500,40.015625,year
Bulgaria,2005,1279800,39.99375,year
Bulgaria,2006,1278900,39.965625,year
Bulgaria,2007,1279300,39.978125,year
Bulgaria,2008,1281800,40.05625,year
Bulgaria,2009,1282600,40.08125,year
Bulgaria,2010,1282600,40.08125,year
Bulgaria,2011,1282700,40.084375,year
Bulgaria,2012,1283700,40.115625,year
Bulgaria,2013,1285700,40.178125,year
Bulgaria,2014,1288200,40.25625,year
Bulgaria,2015,1292200,40.38125,year
Bulgaria,2016,1295800,40.49375,year
Bulgaria,2017,1298200,40.56875,year
Bulgaria,2018,1300000,40.625,year
Brunei Darussalam,2011,63287.18448,1.977724515,year
Brunei Darussalam,2012,98469.92465,3.077185145,year
Brunei Darussalam,2013,146747.0041,4.585843877,year
Brunei Darussalam,2014,147258.9223,4.601841323,year
Brunei Darussalam,2015,146194.9974,4.56859367,year
Brunei Darussalam,2016,144192.2499,4.50600781,year
Brunei Darussalam,2017,145373.6016,4.542925049,year
Brunei Darussalam,2018,145520.696,4.547521751,year
Burundi,2000,17222,0.5381875,year
Burundi,2001,961,0.03003125,year
Burundi,2002,961,0.03003125,year
Burundi,2003,961,0.03003125,year
Burundi,2004,961,0.03003125,year
Burundi,2005,961,0.03003125,year
Burundi,2006,961,0.03003125,year
Burundi,2007,961,0.03003125,year
Burundi,2008,961,0.03003125,year
Burundi,2009,961,0.03003125,year
Burundi,2010,961,0.03003125,year
Burundi,2011,961,0.03003125,year
Burundi,2012,961,0.03003125,year
Burundi,2013,961,0.03003125,year
Burundi,2014,961,0.03003125,year
Burundi,2015,961,0.03003125,year
Burundi,2016,966,0.0301875,year
Burundi,2017,966.172,0.030192875,year
Burundi,2018,966.172,0.030192875,year
Cambodia,2000,399832,12.49475,year
Cambodia,2001,399832,12.49475,year
Cambodia,2002,399832,12.49475,year
Cambodia,2003,399832,12.49475,year
Cambodia,2004,399832,12.49475,year
Cambodia,2005,399832,12.49475,year
Cambodia,2006,399832,12.49475,year
Cambodia,2007,399832,12.49475,year
Cambodia,2008,399832,12.49475,year
Cambodia,2009,399832,12.49475,year
Cambodia,2010,399832,12.49475,year
Cambodia,2011,399800,12.49375,year
Cambodia,2012,399832,12.49475,year
Cambodia,2013,399832,12.49475,year
Cambodia,2014,399832,12.49475,year
Cambodia,2015,399832,12.49475,year
Cambodia,2016,399832,12.49475,year
Cambodia,2017,399832,12.49475,year
Cambodia,2018,399832,12.49475,year
Canada,2000,1184000,37,year
Canada,2001,1052000,32.875,year
Canada,2002,599000,18.71875,year
Canada,2003,109000,3.40625,year
Canada,2004,109000,3.40625,year
Canada,2005,109000,3.40625,year
Canada,2006,109000,3.40625,year
Canada,2007,109000,3.40625,year
Canada,2008,109000,3.40625,year
Canada,2009,109000,3.40625,year
Canada,2010,109000,3.40625,year
Canada,2011,109000,3.40625,year
Canada,2012,109000,3.40625,year
Canada,2013,96000,3,year
Canada,2014,96000,3,year
Canada,2015,54788,1.712125,year
Cameroon,2000,29954,0.9360625,year
Cameroon,2001,29954,0.9360625,year
Cameroon,2002,29954,0.9360625,year
Cameroon,2003,29954,0.9360625,year
Cameroon,2004,29954,0.9360625,year
Cameroon,2005,29954,0.9360625,year
Cameroon,2006,29954,0.9360625,year
Cameroon,2007,29954,0.9360625,year
Cameroon,2008,29954,0.9360625,year
Chile,2000,73600,2.3,year
Chile,2001,74000,2.3125,year
Chile,2002,8000,0.25,year
Chile,2003,8000,0.25,year
Chile,2004,8000,0.25,year
Chile,2005,7900,0.246875,year
Chile,2006,7900,0.246875,year
Chile,2007,7900,0.246875,year
Chile,2008,7900,0.246875,year
Chile,2009,7900,0.246875,year
Chile,2010,7900,0.246875,year
Chile,2011,7900,0.246875,year
Chile,2012,7900,0.246875,year
Chile,2013,7900,0.246875,year
Chile,2014,7900,0.246875,year
Chile,2015,7900,0.246875,year
Chile,2016,7900,0.246875,year
Chile,2017,7900,0.246875,year
Chile,2018,7900,0.246875,year
"China, P.R.: Hong Kong",2000,67000,2.09375,year
"China, P.R.: Hong Kong",2001,67000,2.09375,year
"China, P.R.: Hong Kong",2002,67000,2.09375,year
"China, P.R.: Hong Kong",2003,67000,2.09375,year
"China, P.R.: Hong Kong",2004,66798,2.0874375,year
"China, P.R.: Hong Kong",2005,67000,2.09375,year
"China, P.R.: Hong Kong",2006,67000,2.09375,year
"China, P.R.: Hong Kong",2007,67000,2.09375,year
"China, P.R.: Hong Kong",2008,67000,2.09375,year
"China, P.R.: Hong Kong",2009,67000,2.09375,year
"China, P.R.: Hong Kong",2010,67000,2.09375,year
"China, P.R.: Hong Kong",2011,67000,2.09375,year
"China, P.R.: Hong Kong",2012,67000,2.09375,year
"China, P.R.: Hong Kong",2013,67000,2.09375,year
"China, P.R.: Hong Kong",2014,67000,2.09375,year
"China, P.R.: Hong Kong",2015,67000,2.09375,year
"China, P.R.: Hong Kong",2016,67000,2.09375,year
"China, P.R.: Hong Kong",2017,67000,2.09375,year
"China, P.R.: Hong Kong",2018,67000,2.09375,year
Central African Economic and Monetary Community,2000,228759.7,7.148740625,year
Central African Economic and Monetary Community,2001,228759.7,7.148740625,year
Central African Economic and Monetary Community,2002,228760,7.14875,year
Central African Economic and Monetary Community,2003,228760,7.14875,year
Central African Economic and Monetary Community,2004,228760,7.14875,year
Central African Economic and Monetary Community,2005,228760,7.14875,year
Central African Economic and Monetary Community,2006,228760,7.14875,year
Central African Economic and Monetary Community,2007,228760,7.14875,year
Central African Economic and Monetary Community,2008,228760,7.14875,year
Central African Republic,2000,11126,0.3476875,year
Central African Republic,2001,11126,0.3476875,year
Central African Republic,2002,11126,0.3476875,year
Central African Republic,2003,11126,0.3476875,year
Central African Republic,2004,11126,0.3476875,year
Central African Republic,2005,11126,0.3476875,year
Central African Republic,2006,11126,0.3476875,year
Central African Republic,2007,11126,0.3476875,year
Central African Republic,2008,11126,0.3476875,year
Chad,2000,11125.8,0.34768125,year
Chad,2001,11125.8,0.34768125,year
Chad,2002,11126,0.3476875,year
Chad,2003,11126,0.3476875,year
Chad,2004,11126,0.3476875,year
Chad,2005,11126,0.3476875,year
Chad,2006,11126,0.3476875,year
Chad,2007,11126,0.3476875,year
Chad,2008,11126,0.3476875,year
CIS,2000,16154975.77,504.8429927,year
CIS,2001,17426019.72,544.5631162,year
CIS,2002,16620402.25,519.3875704,year
CIS,2003,16481552.11,515.0485034,year
CIS,2004,16481936.94,515.0605293,year
CIS,2005,17032505.93,532.2658102,year
CIS,2006,17881175.24,558.7867263,year
CIS,2007,19330820.4,604.0881374,year
CIS,2008,21826088.03,682.065251,year
CIS,2009,26270914.07,820.9660646,year
CIS,2010,31048035.29,970.2511027,year
CIS,2011,34739172.79,1085.59915,year
CIS,2012,38684144.78,1208.879524,year
CIS,2013,48607424.67,1518.982021,year
CIS,2014,57342158.42,1791.942451,year
CIS,2015,66372352.86,2074.136027,year
CIS,2016,74363923.23,2323.872601,year
CIS,2017,82621305.76,2581.915805,year
CIS,2018,93990696.47,2937.209265,year
"China, P.R.: Mainland",2000,12700000,396.875,year
"China, P.R.: Mainland",2001,16100000,503.125,year
"China, P.R.: Mainland",2002,19290000,602.8125,year
"China, P.R.: Mainland",2003,19290000,602.8125,year
"China, P.R.: Mainland",2004,19290000,602.8125,year
"China, P.R.: Mainland",2005,19290000,602.8125,year
"China, P.R.: Mainland",2006,19290000,602.8125,year
"China, P.R.: Mainland",2007,19290000,602.8125,year
"China, P.R.: Mainland",2008,19290000,602.8125,year
"China, P.R.: Mainland",2009,33890000,1059.0625,year
"China, P.R.: Mainland",2010,33890000,1059.0625,year
"China, P.R.: Mainland",2011,33890000,1059.0625,year
"China, P.R.: Mainland",2012,33890000,1059.0625,year
"China, P.R.: Mainland",2013,33890000,1059.0625,year
"China, P.R.: Mainland",2014,33890000,1059.0625,year
"China, P.R.: Mainland",2015,56660000,1770.625,year
"China, P.R.: Mainland",2016,59240000,1851.25,year
"China, P.R.: Mainland",2017,59240000,1851.25,year
"China, P.R.: Mainland",2018,59560000,1861.25,year
Comoros,2000,579,0.01809375,year
Comoros,2001,579,0.01809375,year
Comoros,2002,579,0.01809375,year
Comoros,2003,579,0.01809375,year
Comoros,2004,579,0.01809375,year
Comoros,2005,579,0.01809375,year
Comoros,2006,579,0.01809375,year
Comoros,2007,579,0.01809375,year
Comoros,2008,579,0.01809375,year
Comoros,2009,579,0.01809375,year
Comoros,2010,579,0.01809375,year
Comoros,2011,579,0.01809375,year
Comoros,2012,579,0.01809375,year
Comoros,2013,579,0.01809375,year
Comoros,2014,579,0.01809375,year
Comoros,2015,579,0.01809375,year
Comoros,2016,579,0.01809375,year
Comoros,2017,578.713437,0.018084795,year
Comoros,2018,578.713437,0.018084795,year
Colombia,2000,327500,10.234375,year
Colombia,2001,327000,10.21875,year
Colombia,2002,327000,10.21875,year
Colombia,2003,326800,10.2125,year
Colombia,2004,326800,10.2125,year
Colombia,2005,326600,10.20625,year
Colombia,2006,221700,6.928125,year
Colombia,2007,220900,6.903125,year
Colombia,2008,220500,6.890625,year
Colombia,2009,220500,6.890625,year
Colombia,2010,220500,6.890625,year
Colombia,2011,332800,10.4,year
Colombia,2012,332800,10.4,year
Colombia,2013,332800,10.4,year
Colombia,2014,332800,10.4,year
Colombia,2015,112387.35,3.512104688,year
Colombia,2016,185189.085,5.787158906,year
Colombia,2017,333189.42,10.41216938,year
Colombia,2018,412789.448,12.89967025,year
Costa Rica,2000,1971,0.06159375,year
Costa Rica,2001,1978.161337,0.061817542,year
Costa Rica,2002,2139.302106,0.066853191,year
Costa Rica,2003,2055.482066,0.064233815,year
Costa Rica,2004,1873.310595,0.058540956,year
Costa Rica,2005,2033.037364,0.063532418,year
Costa Rica,2006,3825.4914,0.119546606,year
Costa Rica,2007,2080,0.065,year
Costa Rica,2008,2147.451783,0.067107868,year
Costa Rica,2009,22.97035804,0.000717824,year
Costa Rica,2010,18.2769257,0.000571154,year
Costa Rica,2011,16.65556053,0.000520486,year
Costa Rica,2012,15.67621094,0.000489882,year
Costa Rica,2013,21.01979845,0.000656869,year
Costa Rica,2014,21.35423594,0.00066732,year
Costa Rica,2015,23.32830431,0.00072901,year
"Congo, Republic of",2000,11126.2,0.34769375,year
"Congo, Republic of",2001,11126.2,0.34769375,year
"Congo, Republic of",2002,11126,0.3476875,year
"Congo, Republic of",2003,11126,0.3476875,year
"Congo, Republic of",2004,11126,0.3476875,year
"Congo, Republic of",2005,11126,0.3476875,year
"Congo, Republic of",2006,11126,0.3476875,year
"Congo, Republic of",2007,11126,0.3476875,year
"Congo, Republic of",2008,11126,0.3476875,year
Denmark,2000,2141390,66.9184375,year
Denmark,2001,2141000,66.90625,year
Denmark,2002,2140000,66.875,year
Denmark,2003,2139628,66.863375,year
Denmark,2004,2139621.742,66.86317944,year
Denmark,2005,2139622,66.8631875,year
Denmark,2006,2139622,66.8631875,year
Denmark,2007,2139623,66.86321875,year
Denmark,2008,2139600,66.8625,year
Denmark,2009,2139600,66.8625,year
Denmark,2010,2139600,66.8625,year
Denmark,2011,2139600,66.8625,year
Denmark,2012,2139600,66.8625,year
Denmark,2013,2139600,66.8625,year
Denmark,2014,2139600,66.8625,year
Denmark,2015,2139600,66.8625,year
Denmark,2016,2139600,66.8625,year
Denmark,2017,2139600,66.8625,year
Denmark,2018,2139600,66.8625,year
CuraÃ§ao and Sint Maarten,2010,421000,13.15625,year
CuraÃ§ao and Sint Maarten,2011,421000,13.15625,year
CuraÃ§ao and Sint Maarten,2012,421000,13.15625,year
CuraÃ§ao and Sint Maarten,2013,421000,13.15625,year
CuraÃ§ao and Sint Maarten,2014,421000,13.15625,year
CuraÃ§ao and Sint Maarten,2015,421000,13.15625,year
CuraÃ§ao and Sint Maarten,2016,421000,13.15625,year
CuraÃ§ao and Sint Maarten,2017,421000,13.15625,year
CuraÃ§ao and Sint Maarten,2018,421000,13.15625,year
Czech Republic,2000,446000,13.9375,year
Czech Republic,2001,444000,13.875,year
Czech Republic,2002,442000,13.8125,year
Czech Republic,2003,442000,13.8125,year
Czech Republic,2004,438000,13.6875,year
Czech Republic,2005,435000,13.59375,year
Czech Republic,2006,432864.155,13.52700484,year
Czech Republic,2007,428995.07,13.40609594,year
Czech Republic,2008,422100,13.190625,year
Czech Republic,2009,415100,12.971875,year
Czech Republic,2010,408300,12.759375,year
Czech Republic,2011,400326,12.5101875,year
Czech Republic,2012,372241,11.63253125,year
Czech Republic,2013,348736,10.898,year
Czech Republic,2014,340308,10.634625,year
Czech Republic,2015,323044,10.095125,year
Czech Republic,2016,313936,9.8105,year
Czech Republic,2017,303458,9.4830625,year
Czech Republic,2018,281506,8.7970625,year
Cyprus,2000,464300,14.509375,year
Cyprus,2001,464000,14.5,year
Cyprus,2002,464800,14.525,year
Cyprus,2003,465400,14.54375,year
Cyprus,2004,465300,14.540625,year
Cyprus,2005,465300,14.540625,year
Cyprus,2006,465300,14.540625,year
Cyprus,2007,465300,14.540625,year
Cyprus,2008,446000,13.9375,year
Cyprus,2009,446000,13.9375,year
Cyprus,2010,446000,13.9375,year
Cyprus,2011,446000,13.9375,year
Cyprus,2012,446000,13.9375,year
Cyprus,2013,446000,13.9375,year
Cyprus,2014,447000,13.96875,year
Cyprus,2015,447000,13.96875,year
Cyprus,2016,447000,13.96875,year
Cyprus,2017,447000,13.96875,year
Cyprus,2018,447000,13.96875,year
Ecuador,2000,845444.321,26.42013503,year
Ecuador,2001,845444.321,26.42013503,year
Ecuador,2002,845444.321,26.42013503,year
Ecuador,2003,845444.321,26.42013503,year
Ecuador,2004,845444.321,26.42013503,year
Ecuador,2005,845444.321,26.42013503,year
Ecuador,2006,844727.309,26.39772841,year
Ecuador,2007,844727.309,26.39772841,year
Ecuador,2008,844727.309,26.39772841,year
Ecuador,2009,845000,26.40625,year
Ecuador,2010,845000,26.40625,year
Ecuador,2011,845000,26.40625,year
Ecuador,2012,845000,26.40625,year
Ecuador,2013,845000,26.40625,year
Ecuador,2014,379118.64,11.8474575,year
Ecuador,2015,379100,11.846875,year
Ecuador,2016,379100,11.846875,year
Ecuador,2017,379100,11.846875,year
Ecuador,2018,204886.168,6.40269275,year
El Salvador,2000,469200,14.6625,year
El Salvador,2001,469200,14.6625,year
El Salvador,2002,469200,14.6625,year
El Salvador,2003,469200,14.6625,year
El Salvador,2004,419100,13.096875,year
El Salvador,2005,254100,7.940625,year
El Salvador,2006,233100,7.284375,year
El Salvador,2007,233100,7.284375,year
El Salvador,2008,233100,7.284375,year
El Salvador,2009,233100,7.284375,year
El Salvador,2010,223100,6.971875,year
El Salvador,2011,223100,6.971875,year
El Salvador,2012,223100,6.971875,year
El Salvador,2013,223100,6.971875,year
El Salvador,2014,218100,6.815625,year
El Salvador,2015,44106,1.3783125,year
El Salvador,2016,44110,1.3784375,year
El Salvador,2017,44110,1.3784375,year
El Salvador,2018,44110,1.3784375,year
Dominican Republic,2000,18000,0.5625,year
Dominican Republic,2001,18296,0.57175,year
Dominican Republic,2002,18296,0.57175,year
Dominican Republic,2003,18296,0.57175,year
Dominican Republic,2004,18296,0.57175,year
Dominican Republic,2005,18296,0.57175,year
Dominican Republic,2006,18296,0.57175,year
Dominican Republic,2007,18296,0.57175,year
Dominican Republic,2008,18296,0.57175,year
Dominican Republic,2009,18296,0.57175,year
Dominican Republic,2010,18296,0.57175,year
Dominican Republic,2011,18296,0.57175,year
Dominican Republic,2012,18296,0.57175,year
Dominican Republic,2013,18296,0.57175,year
Dominican Republic,2014,18296,0.57175,year
Dominican Republic,2015,18296,0.57175,year
Dominican Republic,2016,18296,0.57175,year
Dominican Republic,2017,18296,0.57175,year
Dominican Republic,2018,18296,0.57175,year
Egypt,2000,2432000,76,year
Egypt,2001,2432000,76,year
Egypt,2002,2432221,76.00690625,year
Egypt,2003,2432221,76.00690625,year
Egypt,2004,2432221,76.00690625,year
Egypt,2005,2432221,76.00690625,year
Egypt,2006,2430844,75.963875,year
Egypt,2007,2430844,75.963875,year
Egypt,2008,2431000,75.96875,year
Egypt,2009,2431000,75.96875,year
Egypt,2010,2431000,75.96875,year
Egypt,2011,2431000,75.96875,year
Egypt,2012,2430844,75.963875,year
Egypt,2013,2431000,75.96875,year
Egypt,2014,2431000,75.96875,year
Egypt,2015,2431000,75.96875,year
Egypt,2016,2430000,75.9375,year
Egypt,2017,2457636.28,76.80113375,year
Egypt,2018,2520057.68,78.7518025,year
Eritrea,2000,38679.05541,1.208720482,year
Eritrea,2001,38679.05541,1.208720482,year
Emerging and Developing Europe,2000,12483829.49,390.1196716,year
Emerging and Developing Europe,2001,12705691.92,397.0528725,year
Emerging and Developing Europe,2002,12417611.08,388.0503461,year
Emerging and Developing Europe,2003,12292757.85,384.1486827,year
Emerging and Developing Europe,2004,12404619.72,387.6443663,year
Emerging and Developing Europe,2005,12495567.52,390.4864851,year
Emerging and Developing Europe,2006,12489969.56,390.3115487,year
Emerging and Developing Europe,2007,12426719.17,388.3349742,year
Emerging and Developing Europe,2008,12434010.82,388.5628381,year
Emerging and Developing Europe,2009,12490822.27,390.3381959,year
Emerging and Developing Europe,2010,12480597.2,390.0186625,year
Emerging and Developing Europe,2011,15100341.77,471.8856803,year
Emerging and Developing Europe,2012,20413413.52,637.9191724,year
Emerging and Developing Europe,2013,25625111.32,800.7847288,year
Emerging and Developing Europe,2014,25971294.48,811.6029525,year
Emerging and Developing Europe,2015,25557246.58,798.6639558,year
Emerging and Developing Europe,2016,21032008,657.25025,year
Emerging and Developing Europe,2017,27189633.36,849.6760424,year
Emerging and Developing Europe,2018,26501931.83,828.1853697,year
Estonia,2000,8000,0.25,year
Estonia,2001,8000,0.25,year
Estonia,2002,8000,0.25,year
Estonia,2003,8000,0.25,year
Estonia,2004,8000,0.25,year
Estonia,2005,8000,0.25,year
Estonia,2006,8000,0.25,year
Estonia,2007,8000,0.25,year
Estonia,2008,8000,0.25,year
Estonia,2009,8000,0.25,year
Estonia,2010,8000,0.25,year
Estonia,2011,8000,0.25,year
Estonia,2012,8000,0.25,year
Estonia,2013,8000,0.25,year
Estonia,2014,8000,0.25,year
Estonia,2015,8000,0.25,year
Estonia,2016,8000,0.25,year
Estonia,2017,8000,0.25,year
Estonia,2018,8000,0.25,year
Emerging and Developing Asia,2000,39463587.73,1233.237116,year
Emerging and Developing Asia,2001,43804115.81,1368.878619,year
Emerging and Developing Asia,2002,47683399.87,1490.106246,year
Emerging and Developing Asia,2003,47138665.24,1473.083289,year
Emerging and Developing Asia,2004,46158292.2,1442.446631,year
Emerging and Developing Asia,2005,43978821.44,1374.33817,year
Emerging and Developing Asia,2006,43031476.79,1344.73365,year
Emerging and Developing Asia,2007,42672076.16,1333.50238,year
Emerging and Developing Asia,2008,43336306.33,1354.259573,year
Emerging and Developing Asia,2009,64879358.59,2027.479956,year
Emerging and Developing Asia,2010,65370827.81,2042.838369,year
Emerging and Developing Asia,2011,67319609.43,2103.737795,year
Emerging and Developing Asia,2012,68624071.25,2144.502226,year
Emerging and Developing Asia,2013,69191973.88,2162.249184,year
Emerging and Developing Asia,2014,69249429.96,2164.044686,year
Emerging and Developing Asia,2015,91836503.13,2869.890723,year
Emerging and Developing Asia,2016,94440465.11,2951.264535,year
Emerging and Developing Asia,2017,94650840.13,2957.838754,year
Emerging and Developing Asia,2018,96744778.82,3023.274338,year
Emerging and Developing Countries,2000,140651301,4395.353155,year
Emerging and Developing Countries,2001,144625090.8,4519.534089,year
Emerging and Developing Countries,2002,146445402.8,4576.418836,year
Emerging and Developing Countries,2003,144119037.2,4503.719914,year
Emerging and Developing Countries,2004,140657041.4,4395.532544,year
Emerging and Developing Countries,2005,138890490,4340.327814,year
Emerging and Developing Countries,2006,138675927.4,4333.62273,year
Emerging and Developing Countries,2007,140169108,4380.284625,year
Emerging and Developing Countries,2008,148908950.9,4653.404716,year
Emerging and Developing Countries,2009,175155209.4,5473.600294,year
Emerging and Developing Countries,2010,180713262.6,5647.289455,year
Emerging and Developing Countries,2011,191860604.2,5995.643883,year
Emerging and Developing Countries,2012,205192363.3,6412.261353,year
Emerging and Developing Countries,2013,221442012,6920.062876,year
Emerging and Developing Countries,2014,231677722.4,7239.928823,year
Emerging and Developing Countries,2015,260977128.4,8155.535262,year
Emerging and Developing Countries,2016,264400883.9,8262.527621,year
Emerging and Developing Countries,2017,278421359,8700.66747,year
Emerging and Developing Countries,2018,291441612.6,9107.550394,year
Ethiopia,2000,204900,6.403125,year
Ethiopia,2001,204935,6.40421875,year
Ethiopia,2002,245507,7.67209375,year
Ethiopia,2015,8000.387,0.250012094,year
Ethiopia,2016,8000.387,0.250012094,year
Ethiopia,2017,8000.387,0.250012094,year
Ethiopia,2018,8000.387,0.250012094,year
Europe,2000,28638805.26,894.9626643,year
Europe,2001,30131711.64,941.6159887,year
Europe,2002,29038013.33,907.4379165,year
Europe,2003,28774309.96,899.1971861,year
Europe,2004,28886556.66,902.7048956,year
Europe,2005,29528073.45,922.7522953,year
Europe,2006,30371144.8,949.0982749,year
Europe,2007,31757539.57,992.4231116,year
Europe,2008,34260098.85,1070.628089,year
Europe,2009,38761736.33,1211.30426,year
Europe,2010,43528632.49,1360.269765,year
Europe,2011,49839514.56,1557.48483,year
Europe,2012,59097558.3,1846.798697,year
Europe,2013,74232536,2319.76675,year
Europe,2014,83313452.9,2603.545403,year
Europe,2015,91929599.44,2872.799983,year
Europe,2016,95395931.23,2981.122851,year
Europe,2017,109810939.1,3431.591847,year
Europe,2018,120492628.3,3765.394634,year
Euro Area,2000,399536959.1,12485.52997,year
Euro Area,2001,401875958.6,12558.62371,year
Euro Area,2002,399021599.6,12469.42499,year
Euro Area,2003,393542599.6,12298.20624,year
Euro Area,2004,389997599.6,12187.42499,year
Euro Area,2005,375860500.7,11745.64065,year
Euro Area,2006,365213010,11412.90656,year
Euro Area,2007,353687710,11052.74094,year
Euro Area,2008,349207400,10912.73125,year
Euro Area,2009,347179900,10849.37188,year
Euro Area,2010,346962100,10842.56563,year
Euro Area,2011,346845920,10838.935,year
Euro Area,2012,346693020,10834.15688,year
Euro Area,2013,346566010,10830.18781,year
Euro Area,2014,346720000,10835,year
Euro Area,2015,346868000,10839.625,year
Euro Area,2016,346782000,10836.9375,year
Euro Area,2017,346653696,10832.928,year
Euro Area,2018,346534000,10829.1875,year
Fiji,2000,800,0.025,year
Fiji,2001,800,0.025,year
Fiji,2002,800,0.025,year
Fiji,2003,800,0.025,year
Fiji,2004,800,0.025,year
Fiji,2005,800,0.025,year
Fiji,2006,800,0.025,year
Fiji,2007,800,0.025,year
Fiji,2008,800,0.025,year
Fiji,2009,800,0.025,year
Fiji,2010,800,0.025,year
Fiji,2011,800,0.025,year
Fiji,2012,800,0.025,year
Fiji,2013,800,0.025,year
Fiji,2014,1000,0.03125,year
Fiji,2015,1000,0.03125,year
Fiji,2016,1000,0.03125,year
Fiji,2017,1000,0.03125,year
Fiji,2018,1000,0.03125,year
Finland,2000,1577000,49.28125,year
Finland,2001,1577000,49.28125,year
Finland,2002,1577000,49.28125,year
Finland,2003,1577000,49.28125,year
Finland,2004,1580000,49.375,year
Finland,2005,1580000,49.375,year
Finland,2006,1580000,49.375,year
Finland,2007,1580000,49.375,year
Finland,2008,1580000,49.375,year
Finland,2009,1580000,49.375,year
Finland,2010,1580000,49.375,year
Finland,2011,1580000,49.375,year
Finland,2012,1580000,49.375,year
Finland,2013,1580000,49.375,year
Finland,2014,1580000,49.375,year
Finland,2015,1580000,49.375,year
Finland,2016,1580000,49.375,year
Finland,2017,1580000,49.375,year
Finland,2018,1580000,49.375,year
Gabon,2000,12837.3,0.401165625,year
Gabon,2001,12837.3,0.401165625,year
Gabon,2002,12837,0.40115625,year
Gabon,2003,12837,0.40115625,year
Gabon,2004,12837,0.40115625,year
Gabon,2005,12837,0.40115625,year
Gabon,2006,12837,0.40115625,year
Gabon,2007,12837,0.40115625,year
Gabon,2008,12837,0.40115625,year
France,2000,97245000,3038.90625,year
France,2001,97245000,3038.90625,year
France,2002,97247000,3038.96875,year
France,2003,97246002,3038.937563,year
France,2004,95980003,2999.375094,year
France,2005,90851997,2839.124906,year
France,2006,87443001,2732.593781,year
France,2007,83691002,2615.343813,year
France,2008,80125000,2503.90625,year
France,2009,78301003,2446.906344,year
France,2010,78301003,2446.906344,year
France,2011,78301003,2446.906344,year
France,2012,78300003,2446.875094,year
France,2013,78300003,2446.875094,year
France,2014,78300000,2446.875,year
France,2015,78308000,2447.125,year
France,2016,78315000,2447.34375,year
France,2017,78320000,2447.5,year
France,2018,78321000,2447.53125,year
Germany,2000,111519000,3484.96875,year
Germany,2001,111132000,3472.875,year
Germany,2002,110786000,3462.0625,year
Germany,2003,110584000,3455.75,year
Germany,2004,110382000,3449.4375,year
Germany,2005,110207000,3443.96875,year
Germany,2006,110037000,3438.65625,year
Germany,2007,109872000,3433.5,year
Germany,2008,109718000,3428.6875,year
Germany,2009,109531000,3422.84375,year
Germany,2010,109344000,3417,year
Germany,2011,109194000,3412.3125,year
Germany,2012,109035000,3407.34375,year
Germany,2013,108900000,3403.125,year
Germany,2014,108805000,3400.15625,year
Germany,2015,108702000,3396.9375,year
Germany,2016,108604000,3393.875,year
Germany,2017,108466000,3389.5625,year
Germany,2018,108340000,3385.625,year
Ghana,2000,280000,8.75,year
Ghana,2001,281000,8.78125,year
Ghana,2002,281000,8.78125,year
Ghana,2003,281000,8.78125,year
Ghana,2004,281000,8.78125,year
Ghana,2005,281000,8.78125,year
Ghana,2006,281000,8.78125,year
Ghana,2007,281000,8.78125,year
Ghana,2008,281000,8.78125,year
Ghana,2009,281000,8.78125,year
Ghana,2010,281000,8.78125,year
Ghana,2011,281000,8.78125,year
Ghana,2012,281000,8.78125,year
Ghana,2013,281000,8.78125,year
Ghana,2014,281000,8.78125,year
Ghana,2015,281000,8.78125,year
Ghana,2016,281000,8.78125,year
Ghana,2017,281000,8.78125,year
Ghana,2018,281000,8.78125,year
Greece,2000,4262000,133.1875,year
Greece,2001,3942000,123.1875,year
Greece,2002,3935000,122.96875,year
Greece,2003,3451000,107.84375,year
Greece,2004,3463000,108.21875,year
Greece,2005,3471000,108.46875,year
Greece,2006,3593000,112.28125,year
Greece,2007,3618000,113.0625,year
Greece,2008,3617000,113.03125,year
Greece,2009,3615000,112.96875,year
Greece,2010,3588000,112.125,year
Greece,2011,3589000,112.15625,year
Greece,2012,3597000,112.40625,year
Greece,2013,3606000,112.6875,year
Greece,2014,3615000,112.96875,year
Greece,2015,3621000,113.15625,year
Greece,2016,3627000,113.34375,year
Greece,2017,3631000,113.46875,year
Greece,2018,3636000,113.625,year
Guatemala,2000,216000,6.75,year
Guatemala,2001,217300,6.790625,year
Guatemala,2002,216400,6.7625,year
Guatemala,2003,219900,6.871875,year
Guatemala,2004,219200,6.85,year
Guatemala,2005,220600,6.89375,year
Guatemala,2006,220700,6.896875,year
Guatemala,2007,221400,6.91875,year
Guatemala,2008,220800,6.9,year
Guatemala,2009,221800,6.93125,year
Guatemala,2010,221800,6.93125,year
Guatemala,2011,221600,6.925,year
Guatemala,2012,221600,6.925,year
Guatemala,2013,221600,6.925,year
Guatemala,2014,221600,6.925,year
Guatemala,2015,221600,6.925,year
Guatemala,2016,221600,6.925,year
Guatemala,2017,221600,6.925,year
Guatemala,2018,221600,6.925,year
Guinea,2000,71730.66,2.241583125,year
Guinea,2001,30140,0.941875,year
Guinea,2002,268166,8.3801875,year
Guinea,2003,268166,8.3801875,year
Guinea,2004,2963.63,0.092613438,year
Guinea,2005,2477.63,0.077425938,year
Guinea,2006,18260.21,0.570631563,year
Guinea,2007,3260.21,0.101881563,year
Guinea,2008,7114.23,0.222319687,year
Guinea,2009,7107.27,0.222102188,year
Guinea,2010,7107.27,0.222102188,year
Guinea,2011,7107.27,0.222102188,year
Guinea,2012,7107.27,0.222102188,year
Guinea,2013,7107.27,0.222102188,year
Guinea,2014,7107.27,0.222102188,year
Guinea,2015,76900,2.403125,year
Guinea,2016,7100,0.221875,year
Guinea,2017,7100,0.221875,year
Guinea,2018,49251.73,1.539116563,year
Honduras,2000,21397,0.66865625,year
Honduras,2001,21400,0.66875,year
Honduras,2002,21400,0.66875,year
Honduras,2003,21400,0.66875,year
Honduras,2004,21400,0.66875,year
Honduras,2005,21400,0.66875,year
Honduras,2006,21400,0.66875,year
Honduras,2007,21400,0.66875,year
Honduras,2008,21400,0.66875,year
Honduras,2009,21400,0.66875,year
Honduras,2010,21400,0.66875,year
Honduras,2011,21981,0.68690625,year
Honduras,2012,21988,0.687125,year
Honduras,2013,22006,0.6876875,year
Honduras,2014,22019,0.68809375,year
Honduras,2015,22059,0.68934375,year
Honduras,2016,22113.534,0.691047938,year
Honduras,2017,22138.786,0.691837063,year
Honduras,2018,22143.066,0.691970813,year
Haiti,2000,1308,0.040875,year
Haiti,2001,1308,0.040875,year
Haiti,2002,1308,0.040875,year
Haiti,2003,1308,0.040875,year
Haiti,2004,1307.53,0.040860313,year
Haiti,2005,1308,0.040875,year
Haiti,2006,1308,0.040875,year
Haiti,2007,1308,0.040875,year
Haiti,2008,1308,0.040875,year
Haiti,2009,1308,0.040875,year
Haiti,2010,1308,0.040875,year
Haiti,2011,1308,0.040875,year
Haiti,2012,1308,0.040875,year
Haiti,2013,58225.47,1.819545938,year
Haiti,2014,58225.47,1.819545938,year
Haiti,2015,58225.47,1.819545938,year
Haiti,2016,58225.47,1.819545938,year
Haiti,2017,58225.47,1.819545938,year
Haiti,2018,58225.47,1.819545938,year
Indonesia,2000,3101000,96.90625,year
Indonesia,2001,3101000,96.90625,year
Indonesia,2002,3101000,96.90625,year
Indonesia,2003,3101000,96.90625,year
Indonesia,2004,3101000,96.90625,year
Indonesia,2005,3100000,96.875,year
Indonesia,2006,2350000,73.4375,year
Indonesia,2007,2350000,73.4375,year
Indonesia,2008,2350000,73.4375,year
Indonesia,2009,2350000,73.4375,year
Indonesia,2010,2350000,73.4375,year
Indonesia,2011,2350000,73.4375,year
Indonesia,2012,2380000,74.375,year
Indonesia,2013,2510000,78.4375,year
Indonesia,2014,2510000,78.4375,year
Indonesia,2015,2510000,78.4375,year
Indonesia,2016,2510000,78.4375,year
Indonesia,2017,2590000,80.9375,year
Indonesia,2018,2525126.32,78.9101975,year
Hungary,2000,101000,3.15625,year
Hungary,2001,101000,3.15625,year
Hungary,2002,101000,3.15625,year
Hungary,2003,101000,3.15625,year
Hungary,2004,98900,3.090625,year
Hungary,2005,98900,3.090625,year
Hungary,2006,98900,3.090625,year
Hungary,2007,98900,3.090625,year
Hungary,2008,98900,3.090625,year
Hungary,2009,98900,3.090625,year
Hungary,2010,98900,3.090625,year
Hungary,2011,98900,3.090625,year
Hungary,2012,98900,3.090625,year
Hungary,2013,98900,3.090625,year
Hungary,2014,98900,3.090625,year
Hungary,2015,98900,3.090625,year
Hungary,2017,98900,3.090625,year
Hungary,2018,1013000,31.65625,year
India,2000,11502338.97,359.4480927,year
India,2001,11502242.51,359.4450785,year
India,2002,11502210.36,359.4440738,year
India,2003,11502210.36,359.4440738,year
India,2004,11501953.16,359.4360361,year
India,2005,11501953.16,359.4360361,year
India,2006,11501953.16,359.4360361,year
India,2007,11501953.16,359.4360361,year
India,2008,11501953.16,359.4360361,year
India,2009,17932097.67,560.3780523,year
India,2010,17932097.67,560.3780523,year
India,2011,17932097.67,560.3780523,year
India,2012,17932097.67,560.3780523,year
India,2013,17932097.67,560.3780523,year
India,2014,17932139.47,560.3793584,year
India,2015,17932139.61,560.3793629,year
India,2016,17932740.45,560.398139,year
India,2017,17943420.06,560.7318769,year
India,2018,19304780.59,603.2743934,year
Iceland,2000,59000,1.84375,year
Iceland,2001,62000,1.9375,year
Iceland,2002,62516.3,1.953634375,year
Iceland,2003,63238.92,1.97621625,year
Iceland,2004,63855.4826,1.995483831,year
Iceland,2005,64159,2.00496875,year
Iceland,2006,64408.107,2.012753344,year
Iceland,2007,63883.7746,1.996367956,year
Iceland,2008,63785.091,1.993284094,year
Iceland,2009,63800,1.99375,year
Iceland,2010,63785.091,1.993284094,year
Iceland,2011,63800,1.99375,year
Iceland,2012,63800,1.99375,year
Iceland,2013,63800,1.99375,year
Iceland,2014,63800,1.99375,year
Iceland,2015,63800,1.99375,year
Iceland,2016,63800,1.99375,year
Iceland,2017,63800,1.99375,year
Iceland,2018,63800,1.99375,year
Italy,2000,78829000,2463.40625,year
Italy,2001,78829000,2463.40625,year
Italy,2002,78829000,2463.40625,year
Italy,2003,78829000,2463.40625,year
Italy,2004,78829000,2463.40625,year
Italy,2005,78829000,2463.40625,year
Italy,2006,78829002,2463.406313,year
Italy,2007,78829002,2463.406313,year
Italy,2008,78829002,2463.406313,year
Italy,2009,78829002,2463.406313,year
Italy,2010,78829002,2463.406313,year
Italy,2011,78829002,2463.406313,year
Italy,2012,78829002,2463.406313,year
Italy,2013,78829002,2463.406313,year
Italy,2014,78829000,2463.40625,year
Italy,2015,78829000,2463.40625,year
Italy,2016,78829000,2463.40625,year
Italy,2017,78829000,2463.40625,year
Italy,2018,78829000,2463.40625,year
Iraq,2004,188599,5.89371875,year
Iraq,2005,188598.096,5.8936905,year
Iraq,2006,188599.095,5.893721719,year
Iraq,2007,188599.095,5.893721719,year
Iraq,2008,188599.095,5.893721719,year
Iraq,2009,188599.095,5.893721719,year
Iraq,2010,188599.095,5.893721719,year
Iraq,2011,188599.095,5.893721719,year
Iraq,2012,957717.413,29.92866916,year
Iraq,2013,1357454.636,42.42045738,year
Iraq,2014,2887845.808,90.2451815,year
Iraq,2015,2887845.808,90.2451815,year
Iraq,2016,2887845.808,90.2451815,year
Iraq,2017,2887845.808,90.2451815,year
Iraq,2018,3095234.345,96.72607328,year
Ireland,2000,176000,5.5,year
Ireland,2001,176000,5.5,year
Ireland,2002,176000,5.5,year
Ireland,2003,176000,5.5,year
Ireland,2004,176000,5.5,year
Ireland,2005,176000,5.5,year
Ireland,2006,176000,5.5,year
Ireland,2007,176000,5.5,year
Ireland,2008,193000,6.03125,year
Ireland,2009,193000,6.03125,year
Ireland,2010,193000,6.03125,year
Ireland,2011,193000,6.03125,year
Ireland,2012,193000,6.03125,year
Ireland,2013,193000,6.03125,year
Ireland,2014,193000,6.03125,year
Ireland,2015,193000,6.03125,year
Ireland,2016,193000,6.03125,year
Ireland,2017,193000,6.03125,year
Ireland,2018,193000,6.03125,year
Jordan,2009,410000,12.8125,year
Jordan,2010,410000,12.8125,year
Jordan,2011,410000,12.8125,year
Jordan,2013,500000,15.625,year
Jordan,2014,620000,19.375,year
Jordan,2015,1330000,41.5625,year
Jordan,2016,1330000,41.5625,year
Lao People's Democratic Republic,2006,210000,6.5625,year
Lao People's Democratic Republic,2007,210000,6.5625,year
Latvia,2014,213000,6.65625,year
Latvia,2015,213000,6.65625,year
Latvia,2016,213000,6.65625,year
Latvia,2017,213000,6.65625,year
Latvia,2018,213000,6.65625,year
Libya,2011,3750000,117.1875,year
Libya,2012,3750000,117.1875,year
Libya,2013,3750000,117.1875,year
Libya,2014,3750000,117.1875,year
Libya,2015,3750000,117.1875,year
Libya,2016,3750000,117.1875,year
Libya,2017,3750000,117.1875,year
Libya,2018,3750000,117.1875,year
Lithuania,2009,187000,5.84375,year
Lithuania,2010,187000,5.84375,year
Lithuania,2011,187000,5.84375,year
Lithuania,2012,187000,5.84375,year
Lithuania,2013,187000,5.84375,year
Lithuania,2014,187000,5.84375,year
Lithuania,2015,187000,5.84375,year
Lithuania,2016,187000,5.84375,year
Lithuania,2017,187000,5.84375,year
Lithuania,2018,187000,5.84375,year
Malawi,2000,12837,0.40115625,year
Malawi,2001,12837,0.40115625,year
Malawi,2002,12837,0.40115625,year
Malawi,2003,12837,0.40115625,year
Malawi,2004,12837,0.40115625,year
Malawi,2005,12837,0.40115625,year
Malawi,2006,12837,0.40115625,year
Malawi,2007,12837,0.40115625,year
Malawi,2008,12800,0.4,year
Malawi,2009,12800,0.4,year
Malawi,2010,12800,0.4,year
Malawi,2011,12800,0.4,year
Luxembourg,2003,75000,2.34375,year
Luxembourg,2004,74000,2.3125,year
Luxembourg,2005,74000,2.3125,year
Luxembourg,2006,74000,2.3125,year
Luxembourg,2007,74000,2.3125,year
Mauritius,2012,130000,4.0625,year
Malta,2000,4000,0.125,year
Malta,2004,4000,0.125,year
Malta,2005,4000,0.125,year
Malta,2006,5600,0.175,year
Malta,2007,16000,0.5,year
Malta,2010,3100,0.096875,year
Malta,2011,10000,0.3125,year
Malta,2012,10000,0.3125,year
Malta,2013,10000,0.3125,year
Malta,2014,3100,0.096875,year
Malta,2015,3000,0.09375,year
Malta,2016,3000,0.09375,year
Malta,2017,3000,0.09375,year
Malta,2018,3000,0.09375,year
Morocco,2001,707000,22.09375,year
Morocco,2006,708000,22.125,year
Morocco,2007,708000,22.125,year
Morocco,2008,708000,22.125,year
Mongolia,2003,16000,0.5,year
Mongolia,2007,240000,7.5,year
Netherlands Antilles,2000,421000,13.15625,year
Netherlands Antilles,2001,421000,13.15625,year
Netherlands Antilles,2002,421000,13.15625,year
Netherlands Antilles,2003,421000,13.15625,year
Netherlands Antilles,2004,421000,13.15625,year
Netherlands Antilles,2005,421000,13.15625,year
Netherlands Antilles,2006,421000,13.15625,year
Netherlands Antilles,2007,421000,13.15625,year
Netherlands Antilles,2008,421000,13.15625,year
Netherlands Antilles,2009,421000,13.15625,year
Norway,2000,1183000,36.96875,year
Norway,2001,1183000,36.96875,year
Norway,2003,1180000,36.875,year
Poland,2000,3306000,103.3125,year
Poland,2001,3308000,103.375,year
Poland,2002,3309000,103.40625,year
Poland,2004,3308000,103.375,year
Poland,2005,3308000,103.375,year
Poland,2006,3308000,103.375,year
Poland,2007,3308000,103.375,year
Poland,2008,3309000,103.40625,year
Romania,2000,3374000,105.4375,year
Romania,2006,3366000,105.1875,year
Slovenia,2008,103000,3.21875,year
Slovenia,2009,103000,3.21875,year
Slovenia,2011,102000,3.1875,year
Slovenia,2012,102000,3.1875,year
Slovenia,2013,102000,3.1875,year
Slovenia,2014,102000,3.1875,year
Slovenia,2015,102000,3.1875,year
Slovenia,2016,102000,3.1875,year
Slovenia,2017,102000,3.1875,year
Slovenia,2018,102000,3.1875,year
Slovak Republic,2000,1290000,40.3125,year
South Africa,2009,4014000,125.4375,year
South Africa,2014,4025000,125.78125,year
South Africa,2017,4029000,125.90625,year
South Africa,2018,4029000,125.90625,year
Thailand,2001,2480000,77.5,year
Thailand,2003,2600000,81.25,year
Thailand,2004,2700000,84.375,year
Thailand,2005,2700000,84.375,year
Thailand,2006,2700000,84.375,year
Thailand,2007,2700000,84.375,year
Thailand,2008,2700000,84.375,year
Thailand,2009,2700000,84.375,year
Thailand,2010,3200000,100,year
Tajikistan,2011,150000,4.6875,year
Tajikistan,2012,200000,6.25,year
Tanzania,2000,75000,2.34375,year
Tanzania,2001,75000,2.34375,year
Tanzania,2002,75000,2.34375,year
Tunisia,2000,220000,6.875,year
Tunisia,2010,217000,6.78125,year
Tunisia,2012,216700,6.771875,year
Ukraine,2002,750000,23.4375,year
Ukraine,2004,520000,16.25,year
Ukraine,2005,780000,24.375,year
Ukraine,2006,810000,25.3125,year
Ukraine,2008,854000,26.6875,year
Ukraine,2013,1360000,42.5,year
Ukraine,2015,880000,27.5,year
Ukraine,2016,820000,25.625,year
Ukraine,2017,820000,25.625,year
Ukraine,2018,780000,24.375,year
Uruguay,2000,1081000,33.78125,year
Uruguay,2001,8000,0.25,year
Uruguay,2002,8400,0.2625,year
"Yemen, Republic of",2000,50000,1.5625,year
"Yemen, Republic of",2001,50000,1.5625,year
"Yemen, Republic of",2002,50000,1.5625,year
"Yemen, Republic of",2003,50000,1.5625,year
"Yemen, Republic of",2004,50000,1.5625,year
"Yemen, Republic of",2005,50000,1.5625,year
"Yemen, Republic of",2006,50000,1.5625,year
"Yemen, Republic of",2007,50000,1.5625,year
"Yemen, Republic of",2008,50000,1.5625,year
"Yemen, Republic of",2009,50000,1.5625,year
"Yemen, Republic of",2010,50000,1.5625,year
"Yemen, Republic of",2011,50000,1.5625,year
"Yemen, Republic of",2012,50000,1.5625,year
"Yemen, Republic of",2013,50000,1.5625,year
Zimbabwe,2000,467000,14.59375,year
Zimbabwe,2002,141000,4.40625,year
Zimbabwe,2003,122000,3.8125,year
