Country,Year,Tonnes
Algeria,2000,174.462882
Algeria,2001,174.462882
Algeria,2002,174.462882
Algeria,2003,174.462882
Algeria,2004,174.462882
Algeria,2005,174.462882
Algeria,2006,174.462882
Algeria,2007,174.462882
Algeria,2008,174.462882
Algeria,2009,174.462882
Algeria,2010,174.462882
Algeria,2011,174.462882
Algeria,2012,174.462882
Algeria,2013,174.462882
Algeria,2014,174.462882
Algeria,2015,174.462882
Algeria,2016,174.462882
Algeria,2017,174.462882
Algeria,2018,174.462882
Advanced Economies,2000,25541.18174
Advanced Economies,2001,25138.69749
Advanced Economies,2002,24710.61033
Advanced Economies,2003,24226.49459
Advanced Economies,2004,23798.54667
Advanced Economies,2005,23270.14985
Advanced Economies,2006,22924.04708
Advanced Economies,2007,22404.98923
Advanced Economies,2008,22132.68975
Advanced Economies,2009,22022.62125
Advanced Economies,2010,22015.57266
Advanced Economies,2011,22050.39739
Advanced Economies,2012,22076.13376
Advanced Economies,2013,22091.10939
Advanced Economies,2014,22087.82327
Advanced Economies,2015,22082.74808
Advanced Economies,2016,22073.04369
Advanced Economies,2017,22068.70307
Advanced Economies,2018,22060.15157
Albania,2000,3.490884062
Albania,2001,3.46725
Albania,2002,2.525578
Albania,2003,2.162445
Albania,2004,2.162617813
Albania,2005,2.162793125
Albania,2006,2.162955938
Albania,2007,2.163115625
Albania,2008,1.5814325
Albania,2009,1.581455
Albania,2010,1.58142875
Albania,2011,1.581454901
Albania,2012,1.581455198
Albania,2013,1.581455198
Albania,2014,1.581455313
Albania,2015,1.581455313
Albania,2016,1.580799063
Albania,2017,1.5625
Albania,2018,1.5625
Afghanistan,2008,21.9689045
Afghanistan,2009,21.9689045
Afghanistan,2010,21.9689045
Afghanistan,2011,21.9689045
Afghanistan,2012,21.9689045
Afghanistan,2013,21.9689045
Afghanistan,2014,21.9689045
Afghanistan,2015,21.9689045
Afghanistan,2016,21.9689045
Afghanistan,2017,21.9689045
Afghanistan,2018,21.9689045
Australia,2000,80.09375
Australia,2001,80.09375
Australia,2002,80.09375
Australia,2003,80.09375
Australia,2004,80.125
Australia,2005,80.15625
Australia,2006,80.15625
Australia,2007,80.1875
Australia,2008,80.21875
Australia,2009,80.23077453
Australia,2010,80.23125
Australia,2011,80.2307575
Australia,2012,80.2307575
Australia,2013,80.2307575
Australia,2014,80.2307575
Australia,2015,78.21875
Australia,2016,73.1875
Australia,2017,73.1875
Australia,2018,69.0625
Argentina,2000,0.59375
Argentina,2001,0.28125
Argentina,2002,0.28125
Argentina,2003,0.28793225
Argentina,2004,55.31171875
Argentina,2005,55
Argentina,2006,55
Argentina,2007,55
Argentina,2008,55
Argentina,2009,55
Argentina,2010,55
Argentina,2011,62.02991444
Argentina,2012,62.02991438
Argentina,2013,62.02991438
Argentina,2014,62.02991438
Argentina,2015,62.02991438
Argentina,2016,57.02991413
Argentina,2017,55.04241403
Argentina,2018,55.04573222
Aruba,2000,3.125
Aruba,2001,3.125
Aruba,2002,3.125
Aruba,2003,3.125
Aruba,2004,3.125
Aruba,2005,3.125
Aruba,2006,3.125
Aruba,2007,3.125
Aruba,2008,3.125
Aruba,2009,3.125
Aruba,2010,3.125
Aruba,2011,3.125
Aruba,2012,3.125
Aruba,2013,3.125
Aruba,2014,3.125
Aruba,2015,3.125
Aruba,2016,3.125
Aruba,2017,3.125
Aruba,2018,3.125
Austria,2000,379.28125
Austria,2001,349.125
Austria,2002,319
Austria,2003,319
Austria,2004,308.9375
Austria,2005,303.90625
Austria,2006,290.09375
Austria,2007,281.3125
Austria,2008,281.3125
Austria,2009,281.3125
Austria,2010,281.3125
Austria,2011,281.3125
Austria,2012,281.3125
Austria,2013,281.3125
Austria,2014,281.3125
Austria,2015,281.3125
Austria,2016,281.3125
Austria,2017,281.3125
Austria,2018,281.3125
Armenia,2000,1.39375
Armenia,2001,1.403125
Armenia,2002,1.403123159
Armenia,2003,0
Armenia,2004,0
Armenia,2005,0
Armenia,2006,0
Armenia,2007,0
Armenia,2008,0
Armenia,2009,0
Armenia,2010,0
Armenia,2011,0
Armenia,2012,0
Armenia,2013,0
Armenia,2014,0
Armenia,2015,0
Armenia,2016,0
Armenia,2017,0
Armenia,2018,0
"Bahamas, The",2000,0
"Bahamas, The",2001,0
"Bahamas, The",2002,0
"Bahamas, The",2003,0
"Bahamas, The",2004,0
"Bahamas, The",2005,0
"Bahamas, The",2006,0
"Bahamas, The",2007,0
"Bahamas, The",2008,0
"Bahamas, The",2009,0
"Bahamas, The",2010,0
"Bahamas, The",2011,0
"Bahamas, The",2012,0
"Bahamas, The",2013,0
"Bahamas, The",2014,0
"Bahamas, The",2015,0
"Bahamas, The",2016,0
"Bahamas, The",2017,0
Barbados,2000,0
Barbados,2001,0
Barbados,2002,0
Barbados,2003,0
Barbados,2004,0
Barbados,2005,0
Barbados,2006,0
Barbados,2007,0
Barbados,2008,0
Barbados,2009,0
Barbados,2010,0
Barbados,2011,0
Barbados,2012,0
Barbados,2013,0
Barbados,2014,0
Barbados,2015,0
Barbados,2016,0
Azerbaijan,2000,0
Azerbaijan,2001,0
Azerbaijan,2002,0
Azerbaijan,2003,0
Azerbaijan,2004,0
Azerbaijan,2005,0
Azerbaijan,2006,0
Azerbaijan,2007,0
Azerbaijan,2008,0
Azerbaijan,2009,0.002009375
Azerbaijan,2010,0.002009375
Azerbaijan,2011,0.002009375
Azerbaijan,2012,0.002009375
Azerbaijan,2013,20.10984187
Azerbaijan,2014,30.31335094
Azerbaijan,2015,30.31335094
Azerbaijan,2016,20.10984187
Azerbaijan,2017,0.002009375
Azerbaijan,2018,0.002009375
Bangladesh,2000,3.395875
Bangladesh,2001,3.45875
Bangladesh,2002,3.5121875
Bangladesh,2003,3.5
Bangladesh,2004,3.51875
Bangladesh,2005,3.51875
Bangladesh,2006,3.5179375
Bangladesh,2007,3.525
Bangladesh,2008,3.52378125
Bangladesh,2009,3.52434375
Bangladesh,2010,13.575
Bangladesh,2011,13.578125
Bangladesh,2012,13.578125
Bangladesh,2013,13.57695384
Bangladesh,2014,13.8472575
Bangladesh,2015,13.8472575
Bangladesh,2016,13.8472575
Bangladesh,2017,14.0352325
Bangladesh,2018,14.03573
"Bahrain, Kingdom of",2000,4.6875
"Bahrain, Kingdom of",2001,4.6875
"Bahrain, Kingdom of",2002,4.6875
"Bahrain, Kingdom of",2003,4.6875
"Bahrain, Kingdom of",2004,4.6875
"Bahrain, Kingdom of",2005,4.6875
"Bahrain, Kingdom of",2006,4.6875
"Bahrain, Kingdom of",2007,4.6875
"Bahrain, Kingdom of",2008,4.6875
"Bahrain, Kingdom of",2009,4.6875
"Bahrain, Kingdom of",2010,4.6875
"Bahrain, Kingdom of",2011,4.6875
"Bahrain, Kingdom of",2012,4.6875
"Bahrain, Kingdom of",2013,4.6875
"Bahrain, Kingdom of",2014,4.6875
"Bahrain, Kingdom of",2015,4.6875
"Bahrain, Kingdom of",2016,4.6875
"Bahrain, Kingdom of",2017,4.6875
"Bahrain, Kingdom of",2018,4.6875
Belarus,2002,6.25
Belarus,2003,3.125
Belarus,2004,6.25
Belarus,2005,12.5
Belarus,2006,15.625
Belarus,2007,8.4875
Belarus,2008,13.515625
Belarus,2009,23.24227356
Belarus,2010,35.45
Belarus,2011,37.803125
Belarus,2012,42.93125
Belarus,2013,44.553125
Belarus,2014,42.64375
Belarus,2015,42.134375
Belarus,2016,46.38125
Belarus,2017,46.75625
Belarus,2018,47.171875
Belgium,2000,259.3125
Belgium,2001,259.28125
Belgium,2002,259.1875
Belgium,2003,259.09375
Belgium,2004,258.96875
Belgium,2005,228.75
Belgium,2006,228.75
Belgium,2007,228.6875
Belgium,2008,228.59375
Belgium,2009,228.59375
Belgium,2010,228.5625
Belgium,2011,228.53125
Belgium,2012,228.53125
Belgium,2013,228.5
Belgium,2014,228.5
Belgium,2015,228.46875
Belgium,2016,228.46875
Belgium,2017,228.46875
Belgium,2018,228.46875
Benin,2013,0
Benin,2014,0
Benin,2015,0
Benin,2016,0
Benin,2000,0
Benin,2001,0
Benin,2002,0
Benin,2003,0
Benin,2004,0
Benin,2005,0
Benin,2006,0
Benin,2007,0
Benin,2008,0
Benin,2009,0
Benin,2010,0
Benin,2011,0
Benin,2012,0
Benin,2017,0
Benin,2018,0
Belize,2017,0
Belize,2018,0
Bolivia,2000,29.34016434
Bolivia,2001,29.34016438
Bolivia,2002,28.47109038
Bolivia,2003,28.47109031
Bolivia,2004,28.47109031
Bolivia,2005,28.47109031
Bolivia,2006,28.47109031
Bolivia,2007,28.47109031
Bolivia,2008,28.47109031
Bolivia,2009,28.47109031
Bolivia,2010,35.50390625
Bolivia,2011,42.53671531
Bolivia,2012,42.53671531
Bolivia,2013,42.71321594
Bolivia,2014,42.71321594
Bolivia,2015,42.71321594
Bolivia,2016,42.71321594
Bolivia,2017,42.71321594
Bolivia,2018,42.71321594
Bosnia and Herzegovina,2000,0
Bosnia and Herzegovina,2001,0
Bosnia and Herzegovina,2002,0
Bosnia and Herzegovina,2003,0
Bosnia and Herzegovina,2004,0
Bosnia and Herzegovina,2005,0
Bosnia and Herzegovina,2006,0
Bosnia and Herzegovina,2007,0
Bosnia and Herzegovina,2008,0
Bosnia and Herzegovina,2009,1.323947375
Bosnia and Herzegovina,2010,1
Bosnia and Herzegovina,2011,2
Bosnia and Herzegovina,2012,2
Bosnia and Herzegovina,2013,3
Bosnia and Herzegovina,2014,3
Bosnia and Herzegovina,2015,3
Bosnia and Herzegovina,2016,3
Bosnia and Herzegovina,2017,3
Bosnia and Herzegovina,2018,3
Brazil,2000,66.190625
Brazil,2001,34.29081512
Brazil,2002,33.74874894
Brazil,2003,33.75453185
Brazil,2004,33.75287712
Brazil,2005,33.75214522
Brazil,2006,33.75598019
Brazil,2007,33.76149476
Brazil,2008,33.76436951
Brazil,2009,33.76436951
Brazil,2010,33.76436951
Brazil,2011,33.76436951
Brazil,2012,67.5143695
Brazil,2013,67.51436938
Brazil,2014,67.51436938
Brazil,2015,67.51436938
Brazil,2016,67.60748844
Brazil,2017,67.60748844
Brazil,2018,67.6806175
Bulgaria,2000,40.11047616
Bulgaria,2001,40.16290831
Bulgaria,2002,40.05883784
Bulgaria,2003,40.046875
Bulgaria,2004,40.015625
Bulgaria,2005,39.99375
Bulgaria,2006,39.965625
Bulgaria,2007,39.978125
Bulgaria,2008,40.05625
Bulgaria,2009,40.08125
Bulgaria,2010,40.08125
Bulgaria,2011,40.084375
Bulgaria,2012,40.115625
Bulgaria,2013,40.178125
Bulgaria,2014,40.25625
Bulgaria,2015,40.38125
Bulgaria,2016,40.49375
Bulgaria,2017,40.56875
Bulgaria,2018,40.625
Brunei Darussalam,2011,1.977724515
Brunei Darussalam,2012,3.077185145
Brunei Darussalam,2013,4.585843877
Brunei Darussalam,2014,4.601841323
Brunei Darussalam,2015,4.56859367
Brunei Darussalam,2016,4.50600781
Brunei Darussalam,2000,0
Brunei Darussalam,2001,0
Brunei Darussalam,2002,0
Brunei Darussalam,2003,0
Brunei Darussalam,2004,0
Brunei Darussalam,2005,0
Brunei Darussalam,2006,0
Brunei Darussalam,2007,0
Brunei Darussalam,2008,0
Brunei Darussalam,2009,0
Brunei Darussalam,2010,0
Brunei Darussalam,2017,4.542925049
Brunei Darussalam,2018,4.547521751
Burundi,2000,0.5381875
Burundi,2001,0.03003125
Burundi,2002,0.03003125
Burundi,2003,0.03003125
Burundi,2004,0.03003125
Burundi,2005,0.03003125
Burundi,2006,0.03003125
Burundi,2007,0.03003125
Burundi,2008,0.03003125
Burundi,2009,0.03003125
Burundi,2010,0.03003125
Burundi,2011,0.03003125
Burundi,2012,0.03003125
Burundi,2013,0.03003125
Burundi,2014,0.03003125
Burundi,2015,0.03003125
Burundi,2016,0.0301875
Burundi,2017,0.030192875
Burundi,2018,0.030192875
Cambodia,2000,12.49475
Cambodia,2001,12.49475
Cambodia,2002,12.49475
Cambodia,2003,12.49475
Cambodia,2004,12.49475
Cambodia,2005,12.49475
Cambodia,2006,12.49475
Cambodia,2007,12.49475
Cambodia,2008,12.49475
Cambodia,2009,12.49475
Cambodia,2010,12.49475
Cambodia,2011,12.49375
Cambodia,2012,12.49475
Cambodia,2013,12.49475
Cambodia,2014,12.49475
Cambodia,2015,12.49475
Cambodia,2016,12.49475
Cambodia,2017,12.49475
Cambodia,2018,12.49475
Canada,2000,37
Canada,2001,32.875
Canada,2002,18.71875
Canada,2003,3.40625
Canada,2004,3.40625
Canada,2005,3.40625
Canada,2006,3.40625
Canada,2007,3.40625
Canada,2008,3.40625
Canada,2009,3.40625
Canada,2010,3.40625
Canada,2011,3.40625
Canada,2012,3.40625
Canada,2013,3
Canada,2014,3
Canada,2015,1.712125
Canada,2016,0
Canada,2017,0
Canada,2018,0
Burkina Faso,2000,0
Burkina Faso,2001,0
Burkina Faso,2002,0
Burkina Faso,2003,0
Burkina Faso,2004,0
Burkina Faso,2005,0
Burkina Faso,2006,0
Burkina Faso,2007,0
Burkina Faso,2008,0
Burkina Faso,2009,0
Burkina Faso,2010,0
Burkina Faso,2011,0
Burkina Faso,2012,0
Burkina Faso,2013,0
Burkina Faso,2014,0
Burkina Faso,2015,0
Burkina Faso,2016,0
Burkina Faso,2017,0
Burkina Faso,2018,0
Cabo Verde,2000,0
Cabo Verde,2001,0
Cabo Verde,2002,0
Cabo Verde,2003,0
Cabo Verde,2004,0
Cabo Verde,2005,0
Cabo Verde,2006,0
Cabo Verde,2007,0
Cabo Verde,2008,0
Cabo Verde,2009,0
Cabo Verde,2010,0
Cabo Verde,2011,0
Cabo Verde,2012,0
Cabo Verde,2013,0
Cabo Verde,2014,0
Cabo Verde,2015,0
Cabo Verde,2016,0
Cabo Verde,2017,0
Cabo Verde,2018,0
Cameroon,2000,0.9360625
Cameroon,2001,0.9360625
Cameroon,2002,0.9360625
Cameroon,2003,0.9360625
Cameroon,2004,0.9360625
Cameroon,2005,0.9360625
Cameroon,2006,0.9360625
Cameroon,2007,0.9360625
Cameroon,2008,0.9360625
Cameroon,2009,0
Cameroon,2010,0
Cameroon,2011,0
Cameroon,2012,0
Cameroon,2013,0
Cameroon,2014,0
Cameroon,2015,0
Cameroon,2016,0
Cameroon,2017,0
Cameroon,2018,0
Chile,2000,2.3
Chile,2001,2.3125
Chile,2002,0.25
Chile,2003,0.25
Chile,2004,0.25
Chile,2005,0.246875
Chile,2006,0.246875
Chile,2007,0.246875
Chile,2008,0.246875
Chile,2009,0.246875
Chile,2010,0.246875
Chile,2011,0.246875
Chile,2012,0.246875
Chile,2013,0.246875
Chile,2014,0.246875
Chile,2015,0.246875
Chile,2016,0.246875
Chile,2017,0.246875
Chile,2018,0.246875
"China, P.R.: Hong Kong",2000,2.09375
"China, P.R.: Hong Kong",2001,2.09375
"China, P.R.: Hong Kong",2002,2.09375
"China, P.R.: Hong Kong",2003,2.09375
"China, P.R.: Hong Kong",2004,2.0874375
"China, P.R.: Hong Kong",2005,2.09375
"China, P.R.: Hong Kong",2006,2.09375
"China, P.R.: Hong Kong",2007,2.09375
"China, P.R.: Hong Kong",2008,2.09375
"China, P.R.: Hong Kong",2009,2.09375
"China, P.R.: Hong Kong",2010,2.09375
"China, P.R.: Hong Kong",2011,2.09375
"China, P.R.: Hong Kong",2012,2.09375
"China, P.R.: Hong Kong",2013,2.09375
"China, P.R.: Hong Kong",2014,2.09375
"China, P.R.: Hong Kong",2015,2.09375
"China, P.R.: Hong Kong",2016,2.09375
"China, P.R.: Hong Kong",2017,2.09375
"China, P.R.: Hong Kong",2018,2.09375
Central African Economic and Monetary Community,2000,7.148740625
Central African Economic and Monetary Community,2001,7.148740625
Central African Economic and Monetary Community,2002,7.14875
Central African Economic and Monetary Community,2003,7.14875
Central African Economic and Monetary Community,2004,7.14875
Central African Economic and Monetary Community,2005,7.14875
Central African Economic and Monetary Community,2006,7.14875
Central African Economic and Monetary Community,2007,7.14875
Central African Economic and Monetary Community,2008,7.14875
Central African Economic and Monetary Community,2009,0
Central African Economic and Monetary Community,2010,0
Central African Economic and Monetary Community,2011,0
Central African Economic and Monetary Community,2012,0
Central African Economic and Monetary Community,2013,0
Central African Economic and Monetary Community,2014,0
Central African Economic and Monetary Community,2015,0
Central African Economic and Monetary Community,2016,0
Central African Republic,2000,0.3476875
Central African Republic,2001,0.3476875
Central African Republic,2002,0.3476875
Central African Republic,2003,0.3476875
Central African Republic,2004,0.3476875
Central African Republic,2005,0.3476875
Central African Republic,2006,0.3476875
Central African Republic,2007,0.3476875
Central African Republic,2008,0.3476875
Central African Republic,2009,0
Central African Republic,2010,0
Central African Republic,2011,0
Central African Republic,2012,0
Central African Republic,2013,0
Central African Republic,2014,0
Central African Republic,2015,0
Central African Republic,2016,0
Central African Republic,2017,0
Central African Republic,2018,0
Chad,2000,0.34768125
Chad,2001,0.34768125
Chad,2002,0.3476875
Chad,2003,0.3476875
Chad,2004,0.3476875
Chad,2005,0.3476875
Chad,2006,0.3476875
Chad,2007,0.3476875
Chad,2008,0.3476875
Chad,2015,0
Chad,2016,0
Chad,2017,0
Chad,2018,0
Dem. Rep. Congo,2002,0
Dem. Rep. Congo,2003,0
Dem. Rep. Congo,2004,0
Dem. Rep. Congo,2005,0
Dem. Rep. Congo,2006,0
Dem. Rep. Congo,2007,0
Dem. Rep. Congo,2008,0
Dem. Rep. Congo,2009,0
Dem. Rep. Congo,2010,0
Dem. Rep. Congo,2011,0
Dem. Rep. Congo,2012,0
Dem. Rep. Congo,2013,0
Dem. Rep. Congo,2014,0
Dem. Rep. Congo,2015,0
Dem. Rep. Congo,2016,0
Dem. Rep. Congo,2017,0
Dem. Rep. Congo,2018,0
CIS,2000,504.8429927
CIS,2001,544.5631162
CIS,2002,519.3875704
CIS,2003,515.0485034
CIS,2004,515.0605293
CIS,2005,532.2658102
CIS,2006,558.7867263
CIS,2007,604.0881374
CIS,2008,682.065251
CIS,2009,820.9660646
CIS,2010,970.2511027
CIS,2011,1085.59915
CIS,2012,1208.879524
CIS,2013,1518.982021
CIS,2014,1791.942451
CIS,2015,2074.136027
CIS,2016,2323.872601
CIS,2017,2581.915805
CIS,2018,2937.209265
China,2000,396.875
China,2001,503.125
China,2002,602.8125
China,2003,602.8125
China,2004,602.8125
China,2005,602.8125
China,2006,602.8125
China,2007,602.8125
China,2008,602.8125
China,2009,1059.0625
China,2010,1059.0625
China,2011,1059.0625
China,2012,1059.0625
China,2013,1059.0625
China,2014,1059.0625
China,2015,1770.625
China,2016,1851.25
China,2017,1851.25
China,2018,1861.25
Comoros,2000,0.01809375
Comoros,2001,0.01809375
Comoros,2002,0.01809375
Comoros,2003,0.01809375
Comoros,2004,0.01809375
Comoros,2005,0.01809375
Comoros,2006,0.01809375
Comoros,2007,0.01809375
Comoros,2008,0.01809375
Comoros,2009,0.01809375
Comoros,2010,0.01809375
Comoros,2011,0.01809375
Comoros,2012,0.01809375
Comoros,2013,0.01809375
Comoros,2014,0.01809375
Comoros,2015,0.01809375
Comoros,2016,0.01809375
Comoros,2017,0.018084795
Comoros,2018,0.018084795
Colombia,2000,10.234375
Colombia,2001,10.21875
Colombia,2002,10.21875
Colombia,2003,10.2125
Colombia,2004,10.2125
Colombia,2005,10.20625
Colombia,2006,6.928125
Colombia,2007,6.903125
Colombia,2008,6.890625
Colombia,2009,6.890625
Colombia,2010,6.890625
Colombia,2011,10.4
Colombia,2012,10.4
Colombia,2013,10.4
Colombia,2014,10.4
Colombia,2015,3.512104688
Colombia,2016,5.787158906
Colombia,2017,10.41216938
Colombia,2018,12.89967025
"China, P.R.: Macao",2000,0
"China, P.R.: Macao",2001,0
"China, P.R.: Macao",2002,0
"China, P.R.: Macao",2003,0
"China, P.R.: Macao",2004,0
"China, P.R.: Macao",2005,0
"China, P.R.: Macao",2006,0
"China, P.R.: Macao",2007,0
"China, P.R.: Macao",2008,0
"China, P.R.: Macao",2009,0
"China, P.R.: Macao",2010,0
"China, P.R.: Macao",2011,0
"China, P.R.: Macao",2012,0
"China, P.R.: Macao",2013,0
"China, P.R.: Macao",2014,0
"China, P.R.: Macao",2015,0
"China, P.R.: Macao",2016,0
"China, P.R.: Macao",2017,0
"China, P.R.: Macao",2018,0
CÃ´te d'Ivoire,2000,0
CÃ´te d'Ivoire,2001,0
CÃ´te d'Ivoire,2002,0
CÃ´te d'Ivoire,2003,0
CÃ´te d'Ivoire,2004,0
CÃ´te d'Ivoire,2005,0
CÃ´te d'Ivoire,2006,0
CÃ´te d'Ivoire,2007,0
CÃ´te d'Ivoire,2008,0
CÃ´te d'Ivoire,2009,0
CÃ´te d'Ivoire,2010,0
CÃ´te d'Ivoire,2011,0
CÃ´te d'Ivoire,2012,0
CÃ´te d'Ivoire,2013,0
CÃ´te d'Ivoire,2014,0
CÃ´te d'Ivoire,2015,0
CÃ´te d'Ivoire,2016,0
CÃ´te d'Ivoire,2017,0
CÃ´te d'Ivoire,2018,0
Costa Rica,2000,0.06159375
Costa Rica,2001,0.061817542
Costa Rica,2002,0.066853191
Costa Rica,2003,0.064233815
Costa Rica,2004,0.058540956
Costa Rica,2005,0.063532418
Costa Rica,2006,0.119546606
Costa Rica,2007,0.065
Costa Rica,2008,0.067107868
Costa Rica,2009,0.000717824
Costa Rica,2010,0.000571154
Costa Rica,2011,0.000520486
Costa Rica,2012,0.000489882
Costa Rica,2013,0.000656869
Costa Rica,2014,0.00066732
Costa Rica,2015,0.00072901
Costa Rica,2016,0
Costa Rica,2017,0
Costa Rica,2018,0
Croatia,2000,0
Croatia,2001,0
Croatia,2002,0
Croatia,2003,0
Croatia,2004,0
Croatia,2005,0
Croatia,2006,0
Croatia,2007,0
Croatia,2008,0
Croatia,2009,0
Croatia,2010,0
Croatia,2011,0
Croatia,2012,0
Croatia,2013,0
Croatia,2014,0
Croatia,2015,0
Croatia,2016,0
Croatia,2017,0
Croatia,2018,0
"Congo, Rep.",2000,0.34769375
"Congo, Rep.",2001,0.34769375
"Congo, Rep.",2002,0.3476875
"Congo, Rep.",2003,0.3476875
"Congo, Rep.",2004,0.3476875
"Congo, Rep.",2005,0.3476875
"Congo, Rep.",2006,0.3476875
"Congo, Rep.",2007,0.3476875
"Congo, Rep.",2008,0.3476875
"Congo, Rep.",2009,0
"Congo, Rep.",2010,0
"Congo, Rep.",2011,0
"Congo, Rep.",2012,0
"Congo, Rep.",2013,0
"Congo, Rep.",2014,0
"Congo, Rep.",2015,0
"Congo, Rep.",2016,0
"Congo, Rep.",2017,0
"Congo, Rep.",2018,0
Denmark,2000,66.9184375
Denmark,2001,66.90625
Denmark,2002,66.875
Denmark,2003,66.863375
Denmark,2004,66.86317944
Denmark,2005,66.8631875
Denmark,2006,66.8631875
Denmark,2007,66.86321875
Denmark,2008,66.8625
Denmark,2009,66.8625
Denmark,2010,66.8625
Denmark,2011,66.8625
Denmark,2012,66.8625
Denmark,2013,66.8625
Denmark,2014,66.8625
Denmark,2015,66.8625
Denmark,2016,66.8625
Denmark,2017,66.8625
Denmark,2018,66.8625
CuraÃ§ao and Sint Maarten,2010,13.15625
CuraÃ§ao and Sint Maarten,2011,13.15625
CuraÃ§ao and Sint Maarten,2012,13.15625
CuraÃ§ao and Sint Maarten,2013,13.15625
CuraÃ§ao and Sint Maarten,2014,13.15625
CuraÃ§ao and Sint Maarten,2015,13.15625
CuraÃ§ao and Sint Maarten,2016,13.15625
CuraÃ§ao and Sint Maarten,2017,13.15625
CuraÃ§ao and Sint Maarten,2018,13.15625
Czech Republic,2000,13.9375
Czech Republic,2001,13.875
Czech Republic,2002,13.8125
Czech Republic,2003,13.8125
Czech Republic,2004,13.6875
Czech Republic,2005,13.59375
Czech Republic,2006,13.52700484
Czech Republic,2007,13.40609594
Czech Republic,2008,13.190625
Czech Republic,2009,12.971875
Czech Republic,2010,12.759375
Czech Republic,2011,12.5101875
Czech Republic,2012,11.63253125
Czech Republic,2013,10.898
Czech Republic,2014,10.634625
Czech Republic,2015,10.095125
Czech Republic,2016,9.8105
Czech Republic,2017,9.4830625
Czech Republic,2018,8.7970625
Cyprus,2000,14.509375
Cyprus,2001,14.5
Cyprus,2002,14.525
Cyprus,2003,14.54375
Cyprus,2004,14.540625
Cyprus,2005,14.540625
Cyprus,2006,14.540625
Cyprus,2007,14.540625
Cyprus,2008,13.9375
Cyprus,2009,13.9375
Cyprus,2010,13.9375
Cyprus,2011,13.9375
Cyprus,2012,13.9375
Cyprus,2013,13.9375
Cyprus,2014,13.96875
Cyprus,2015,13.96875
Cyprus,2016,13.96875
Cyprus,2017,13.96875
Cyprus,2018,13.96875
Ecuador,2000,26.42013503
Ecuador,2001,26.42013503
Ecuador,2002,26.42013503
Ecuador,2003,26.42013503
Ecuador,2004,26.42013503
Ecuador,2005,26.42013503
Ecuador,2006,26.39772841
Ecuador,2007,26.39772841
Ecuador,2008,26.39772841
Ecuador,2009,26.40625
Ecuador,2010,26.40625
Ecuador,2011,26.40625
Ecuador,2012,26.40625
Ecuador,2013,26.40625
Ecuador,2014,11.8474575
Ecuador,2015,11.846875
Ecuador,2016,11.846875
Ecuador,2017,11.846875
Ecuador,2018,6.40269275
El Salvador,2000,14.6625
El Salvador,2001,14.6625
El Salvador,2002,14.6625
El Salvador,2003,14.6625
El Salvador,2004,13.096875
El Salvador,2005,7.940625
El Salvador,2006,7.284375
El Salvador,2007,7.284375
El Salvador,2008,7.284375
El Salvador,2009,7.284375
El Salvador,2010,6.971875
El Salvador,2011,6.971875
El Salvador,2012,6.971875
El Salvador,2013,6.971875
El Salvador,2014,6.815625
El Salvador,2015,1.3783125
El Salvador,2016,1.3784375
El Salvador,2017,1.3784375
El Salvador,2018,1.3784375
Dominican Republic,2000,0.5625
Dominican Republic,2001,0.57175
Dominican Republic,2002,0.57175
Dominican Republic,2003,0.57175
Dominican Republic,2004,0.57175
Dominican Republic,2005,0.57175
Dominican Republic,2006,0.57175
Dominican Republic,2007,0.57175
Dominican Republic,2008,0.57175
Dominican Republic,2009,0.57175
Dominican Republic,2010,0.57175
Dominican Republic,2011,0.57175
Dominican Republic,2012,0.57175
Dominican Republic,2013,0.57175
Dominican Republic,2014,0.57175
Dominican Republic,2015,0.57175
Dominican Republic,2016,0.57175
Dominican Republic,2017,0.57175
Dominican Republic,2018,0.57175
Egypt,2000,76
Egypt,2001,76
Egypt,2002,76.00690625
Egypt,2003,76.00690625
Egypt,2004,76.00690625
Egypt,2005,76.00690625
Egypt,2006,75.963875
Egypt,2007,75.963875
Egypt,2008,75.96875
Egypt,2009,75.96875
Egypt,2010,75.96875
Egypt,2011,75.96875
Egypt,2012,75.963875
Egypt,2013,75.96875
Egypt,2014,75.96875
Egypt,2015,75.96875
Egypt,2016,75.9375
Egypt,2017,76.80113375
Egypt,2018,78.7518025
Eritrea,2000,1.208720482
Eritrea,2001,1.208720482
Eritrea,2002,0
Eritrea,2003,0
Eritrea,2004,0
Eritrea,2005,0
Eritrea,2006,0
Eritrea,2007,0
Eritrea,2008,0
Eritrea,2009,0
Eritrea,2010,0
Eritrea,2011,0
Equatorial Guinea,2000,0
Equatorial Guinea,2001,0
Equatorial Guinea,2002,0
Equatorial Guinea,2003,0
Equatorial Guinea,2004,0
Equatorial Guinea,2005,0
Equatorial Guinea,2006,0
Equatorial Guinea,2007,0
Equatorial Guinea,2008,0
Equatorial Guinea,2009,0
Equatorial Guinea,2010,0
Equatorial Guinea,2011,0
Equatorial Guinea,2012,0
Equatorial Guinea,2013,0
Equatorial Guinea,2014,0
Equatorial Guinea,2015,0
Equatorial Guinea,2016,0
Equatorial Guinea,2017,0
Equatorial Guinea,2018,0
Emerging and Developing Europe,2000,390.1196716
Emerging and Developing Europe,2001,397.0528725
Emerging and Developing Europe,2002,388.0503461
Emerging and Developing Europe,2003,384.1486827
Emerging and Developing Europe,2004,387.6443663
Emerging and Developing Europe,2005,390.4864851
Emerging and Developing Europe,2006,390.3115487
Emerging and Developing Europe,2007,388.3349742
Emerging and Developing Europe,2008,388.5628381
Emerging and Developing Europe,2009,390.3381959
Emerging and Developing Europe,2010,390.0186625
Emerging and Developing Europe,2011,471.8856803
Emerging and Developing Europe,2012,637.9191724
Emerging and Developing Europe,2013,800.7847288
Emerging and Developing Europe,2014,811.6029525
Emerging and Developing Europe,2015,798.6639558
Emerging and Developing Europe,2016,657.25025
Emerging and Developing Europe,2017,849.6760424
Emerging and Developing Europe,2018,828.1853697
Estonia,2000,0.25
Estonia,2001,0.25
Estonia,2002,0.25
Estonia,2003,0.25
Estonia,2004,0.25
Estonia,2005,0.25
Estonia,2006,0.25
Estonia,2007,0.25
Estonia,2008,0.25
Estonia,2009,0.25
Estonia,2010,0.25
Estonia,2011,0.25
Estonia,2012,0.25
Estonia,2013,0.25
Estonia,2014,0.25
Estonia,2015,0.25
Estonia,2016,0.25
Estonia,2017,0.25
Estonia,2018,0.25
Emerging and Developing Asia,2000,1233.237116
Emerging and Developing Asia,2001,1368.878619
Emerging and Developing Asia,2002,1490.106246
Emerging and Developing Asia,2003,1473.083289
Emerging and Developing Asia,2004,1442.446631
Emerging and Developing Asia,2005,1374.33817
Emerging and Developing Asia,2006,1344.73365
Emerging and Developing Asia,2007,1333.50238
Emerging and Developing Asia,2008,1354.259573
Emerging and Developing Asia,2009,2027.479956
Emerging and Developing Asia,2010,2042.838369
Emerging and Developing Asia,2011,2103.737795
Emerging and Developing Asia,2012,2144.502226
Emerging and Developing Asia,2013,2162.249184
Emerging and Developing Asia,2014,2164.044686
Emerging and Developing Asia,2015,2869.890723
Emerging and Developing Asia,2016,2951.264535
Emerging and Developing Asia,2017,2957.838754
Emerging and Developing Asia,2018,3023.274338
Emerging and Developing Countries,2000,4395.353155
Emerging and Developing Countries,2001,4519.534089
Emerging and Developing Countries,2002,4576.418836
Emerging and Developing Countries,2003,4503.719914
Emerging and Developing Countries,2004,4395.532544
Emerging and Developing Countries,2005,4340.327814
Emerging and Developing Countries,2006,4333.62273
Emerging and Developing Countries,2007,4380.284625
Emerging and Developing Countries,2008,4653.404716
Emerging and Developing Countries,2009,5473.600294
Emerging and Developing Countries,2010,5647.289455
Emerging and Developing Countries,2011,5995.643883
Emerging and Developing Countries,2012,6412.261353
Emerging and Developing Countries,2013,6920.062876
Emerging and Developing Countries,2014,7239.928823
Emerging and Developing Countries,2015,8155.535262
Emerging and Developing Countries,2016,8262.527621
Emerging and Developing Countries,2017,8700.66747
Emerging and Developing Countries,2018,9107.550394
Ethiopia,2000,6.403125
Ethiopia,2001,6.40421875
Ethiopia,2002,7.67209375
Ethiopia,2003,0
Ethiopia,2004,0
Ethiopia,2005,0
Ethiopia,2006,0
Ethiopia,2007,0
Ethiopia,2008,0
Ethiopia,2009,0
Ethiopia,2010,0
Ethiopia,2011,0
Ethiopia,2012,0
Ethiopia,2013,0
Ethiopia,2014,0
Ethiopia,2015,0.250012094
Ethiopia,2016,0.250012094
Ethiopia,2017,0.250012094
Ethiopia,2018,0.250012094
Europe,2000,894.9626643
Europe,2001,941.6159887
Europe,2002,907.4379165
Europe,2003,899.1971861
Europe,2004,902.7048956
Europe,2005,922.7522953
Europe,2006,949.0982749
Europe,2007,992.4231116
Europe,2008,1070.628089
Europe,2009,1211.30426
Europe,2010,1360.269765
Europe,2011,1557.48483
Europe,2012,1846.798697
Europe,2013,2319.76675
Europe,2014,2603.545403
Europe,2015,2872.799983
Europe,2016,2981.122851
Europe,2017,3431.591847
Europe,2018,3765.394634
Euro Area,2000,12485.52997
Euro Area,2001,12558.62371
Euro Area,2002,12469.42499
Euro Area,2003,12298.20624
Euro Area,2004,12187.42499
Euro Area,2005,11745.64065
Euro Area,2006,11412.90656
Euro Area,2007,11052.74094
Euro Area,2008,10912.73125
Euro Area,2009,10849.37188
Euro Area,2010,10842.56563
Euro Area,2011,10838.935
Euro Area,2012,10834.15688
Euro Area,2013,10830.18781
Euro Area,2014,10835
Euro Area,2015,10839.625
Euro Area,2016,10836.9375
Euro Area,2017,10832.928
Euro Area,2018,10829.1875
Fiji,2000,0.025
Fiji,2001,0.025
Fiji,2002,0.025
Fiji,2003,0.025
Fiji,2004,0.025
Fiji,2005,0.025
Fiji,2006,0.025
Fiji,2007,0.025
Fiji,2008,0.025
Fiji,2009,0.025
Fiji,2010,0.025
Fiji,2011,0.025
Fiji,2012,0.025
Fiji,2013,0.025
Fiji,2014,0.03125
Fiji,2015,0.03125
Fiji,2016,0.03125
Fiji,2017,0.03125
Fiji,2018,0.03125
Finland,2000,49.28125
Finland,2001,49.28125
Finland,2002,49.28125
Finland,2003,49.28125
Finland,2004,49.375
Finland,2005,49.375
Finland,2006,49.375
Finland,2007,49.375
Finland,2008,49.375
Finland,2009,49.375
Finland,2010,49.375
Finland,2011,49.375
Finland,2012,49.375
Finland,2013,49.375
Finland,2014,49.375
Finland,2015,49.375
Finland,2016,49.375
Finland,2017,49.375
Finland,2018,49.375
Gabon,2000,0.401165625
Gabon,2001,0.401165625
Gabon,2002,0.40115625
Gabon,2003,0.40115625
Gabon,2004,0.40115625
Gabon,2005,0.40115625
Gabon,2006,0.40115625
Gabon,2007,0.40115625
Gabon,2008,0.40115625
Gabon,2009,0
Gabon,2010,0
Gabon,2011,0
Gabon,2012,0
Gabon,2013,0
Gabon,2014,0
Gabon,2015,0
Gabon,2016,0
Gabon,2017,0
Gabon,2018,0
France,2000,3038.90625
France,2001,3038.90625
France,2002,3038.96875
France,2003,3038.937563
France,2004,2999.375094
France,2005,2839.124906
France,2006,2732.593781
France,2007,2615.343813
France,2008,2503.90625
France,2009,2446.906344
France,2010,2446.906344
France,2011,2446.906344
France,2012,2446.875094
France,2013,2446.875094
France,2014,2446.875
France,2015,2447.125
France,2016,2447.34375
France,2017,2447.5
France,2018,2447.53125
Georgia,2000,0
Georgia,2001,0
Georgia,2002,0
Georgia,2003,0
Georgia,2004,0
Georgia,2005,0
Georgia,2006,0
Georgia,2007,0
Georgia,2008,0
Georgia,2009,0
Georgia,2010,0
Georgia,2011,0
Georgia,2012,0
Georgia,2013,0
Georgia,2014,0
Georgia,2015,0
Georgia,2016,0
Georgia,2017,0
Georgia,2018,0
Germany,2000,3484.96875
Germany,2001,3472.875
Germany,2002,3462.0625
Germany,2003,3455.75
Germany,2004,3449.4375
Germany,2005,3443.96875
Germany,2006,3438.65625
Germany,2007,3433.5
Germany,2008,3428.6875
Germany,2009,3422.84375
Germany,2010,3417
Germany,2011,3412.3125
Germany,2012,3407.34375
Germany,2013,3403.125
Germany,2014,3400.15625
Germany,2015,3396.9375
Germany,2016,3393.875
Germany,2017,3389.5625
Germany,2018,3385.625
Ghana,2000,8.75
Ghana,2001,8.78125
Ghana,2002,8.78125
Ghana,2003,8.78125
Ghana,2004,8.78125
Ghana,2005,8.78125
Ghana,2006,8.78125
Ghana,2007,8.78125
Ghana,2008,8.78125
Ghana,2009,8.78125
Ghana,2010,8.78125
Ghana,2011,8.78125
Ghana,2012,8.78125
Ghana,2013,8.78125
Ghana,2014,8.78125
Ghana,2015,8.78125
Ghana,2016,8.78125
Ghana,2017,8.78125
Ghana,2018,8.78125
Greece,2000,133.1875
Greece,2001,123.1875
Greece,2002,122.96875
Greece,2003,107.84375
Greece,2004,108.21875
Greece,2005,108.46875
Greece,2006,112.28125
Greece,2007,113.0625
Greece,2008,113.03125
Greece,2009,112.96875
Greece,2010,112.125
Greece,2011,112.15625
Greece,2012,112.40625
Greece,2013,112.6875
Greece,2014,112.96875
Greece,2015,113.15625
Greece,2016,113.34375
Greece,2017,113.46875
Greece,2018,113.625
Guatemala,2000,6.75
Guatemala,2001,6.790625
Guatemala,2002,6.7625
Guatemala,2003,6.871875
Guatemala,2004,6.85
Guatemala,2005,6.89375
Guatemala,2006,6.896875
Guatemala,2007,6.91875
Guatemala,2008,6.9
Guatemala,2009,6.93125
Guatemala,2010,6.93125
Guatemala,2011,6.925
Guatemala,2012,6.925
Guatemala,2013,6.925
Guatemala,2014,6.925
Guatemala,2015,6.925
Guatemala,2016,6.925
Guatemala,2017,6.925
Guatemala,2018,6.925
Guinea,2000,2.241583125
Guinea,2001,0.941875
Guinea,2002,8.3801875
Guinea,2003,8.3801875
Guinea,2004,0.092613438
Guinea,2005,0.077425938
Guinea,2006,0.570631563
Guinea,2007,0.101881563
Guinea,2008,0.222319687
Guinea,2009,0.222102188
Guinea,2010,0.222102188
Guinea,2011,0.222102188
Guinea,2012,0.222102188
Guinea,2013,0.222102188
Guinea,2014,0.222102188
Guinea,2015,2.403125
Guinea,2016,0.221875
Guinea,2017,0.221875
Guinea,2018,1.539116563
Guinea-Bissau,2000,0
Guinea-Bissau,2001,0
Guinea-Bissau,2002,0
Guinea-Bissau,2003,0
Guinea-Bissau,2004,0
Guinea-Bissau,2005,0
Guinea-Bissau,2006,0
Guinea-Bissau,2007,0
Guinea-Bissau,2008,0
Guinea-Bissau,2009,0
Guinea-Bissau,2010,0
Guinea-Bissau,2011,0
Guinea-Bissau,2012,0
Guinea-Bissau,2013,0
Guinea-Bissau,2014,0
Guinea-Bissau,2015,0
Guinea-Bissau,2016,0
Guinea-Bissau,2017,0
Guinea-Bissau,2018,0
Honduras,2000,0.66865625
Honduras,2001,0.66875
Honduras,2002,0.66875
Honduras,2003,0.66875
Honduras,2004,0.66875
Honduras,2005,0.66875
Honduras,2006,0.66875
Honduras,2007,0.66875
Honduras,2008,0.66875
Honduras,2009,0.66875
Honduras,2010,0.66875
Honduras,2011,0.68690625
Honduras,2012,0.687125
Honduras,2013,0.6876875
Honduras,2014,0.68809375
Honduras,2015,0.68934375
Honduras,2016,0.691047938
Honduras,2017,0.691837063
Honduras,2018,0.691970813
Haiti,2000,0.040875
Haiti,2001,0.040875
Haiti,2002,0.040875
Haiti,2003,0.040875
Haiti,2004,0.040860313
Haiti,2005,0.040875
Haiti,2006,0.040875
Haiti,2007,0.040875
Haiti,2008,0.040875
Haiti,2009,0.040875
Haiti,2010,0.040875
Haiti,2011,0.040875
Haiti,2012,0.040875
Haiti,2013,1.819545938
Haiti,2014,1.819545938
Haiti,2015,1.819545938
Haiti,2016,1.819545938
Haiti,2017,1.819545938
Haiti,2018,1.819545938
Indonesia,2000,96.90625
Indonesia,2001,96.90625
Indonesia,2002,96.90625
Indonesia,2003,96.90625
Indonesia,2004,96.90625
Indonesia,2005,96.875
Indonesia,2006,73.4375
Indonesia,2007,73.4375
Indonesia,2008,73.4375
Indonesia,2009,73.4375
Indonesia,2010,73.4375
Indonesia,2011,73.4375
Indonesia,2012,74.375
Indonesia,2013,78.4375
Indonesia,2014,78.4375
Indonesia,2015,78.4375
Indonesia,2016,78.4375
Indonesia,2017,80.9375
Indonesia,2018,78.9101975
Hungary,2000,3.15625
Hungary,2001,3.15625
Hungary,2002,3.15625
Hungary,2003,3.15625
Hungary,2004,3.090625
Hungary,2005,3.090625
Hungary,2006,3.090625
Hungary,2007,3.090625
Hungary,2008,3.090625
Hungary,2009,3.090625
Hungary,2010,3.090625
Hungary,2011,3.090625
Hungary,2012,3.090625
Hungary,2013,3.090625
Hungary,2014,3.090625
Hungary,2015,3.090625
Hungary,2016,0
Hungary,2017,3.090625
Hungary,2018,31.65625
India,2000,359.4480927
India,2001,359.4450785
India,2002,359.4440738
India,2003,359.4440738
India,2004,359.4360361
India,2005,359.4360361
India,2006,359.4360361
India,2007,359.4360361
India,2008,359.4360361
India,2009,560.3780523
India,2010,560.3780523
India,2011,560.3780523
India,2012,560.3780523
India,2013,560.3780523
India,2014,560.3793584
India,2015,560.3793629
India,2016,560.398139
India,2017,560.7318769
India,2018,603.2743934
Iceland,2000,1.84375
Iceland,2001,1.9375
Iceland,2002,1.953634375
Iceland,2003,1.97621625
Iceland,2004,1.995483831
Iceland,2005,2.00496875
Iceland,2006,2.012753344
Iceland,2007,1.996367956
Iceland,2008,1.993284094
Iceland,2009,1.99375
Iceland,2010,1.993284094
Iceland,2011,1.99375
Iceland,2012,1.99375
Iceland,2013,1.99375
Iceland,2014,1.99375
Iceland,2015,1.99375
Iceland,2016,1.99375
Iceland,2017,1.99375
Iceland,2018,1.99375
Israel,2000,0
Israel,2001,0
Israel,2002,0
Israel,2003,0
Israel,2004,0
Israel,2005,0
Israel,2006,0
Israel,2007,0
Israel,2008,0
Israel,2009,0
Israel,2010,0
Israel,2011,0
Israel,2012,0
Israel,2013,0
Israel,2014,0
Israel,2015,0
Israel,2016,0
Israel,2017,0
Israel,2018,0
Italy,2000,2463.40625
Italy,2001,2463.40625
Italy,2002,2463.40625
Italy,2003,2463.40625
Italy,2004,2463.40625
Italy,2005,2463.40625
Italy,2006,2463.406313
Italy,2007,2463.406313
Italy,2008,2463.406313
Italy,2009,2463.406313
Italy,2010,2463.406313
Italy,2011,2463.406313
Italy,2012,2463.406313
Italy,2013,2463.406313
Italy,2014,2463.40625
Italy,2015,2463.40625
Italy,2016,2463.40625
Italy,2017,2463.40625
Italy,2018,2463.40625
Iraq,2004,5.89371875
Iraq,2005,5.8936905
Iraq,2006,5.893721719
Iraq,2007,5.893721719
Iraq,2008,5.893721719
Iraq,2009,5.893721719
Iraq,2010,5.893721719
Iraq,2011,5.893721719
Iraq,2012,29.92866916
Iraq,2013,42.42045738
Iraq,2014,90.2451815
Iraq,2015,90.2451815
Iraq,2016,90.2451815
Iraq,2017,90.2451815
Iraq,2018,96.72607328
Ireland,2000,5.5
Ireland,2001,5.5
Ireland,2002,5.5
Ireland,2003,5.5
Ireland,2004,5.5
Ireland,2005,5.5
Ireland,2006,5.5
Ireland,2007,5.5
Ireland,2008,6.03125
Ireland,2009,6.03125
Ireland,2010,6.03125
Ireland,2011,6.03125
Ireland,2012,6.03125
Ireland,2013,6.03125
Ireland,2014,6.03125
Ireland,2015,6.03125
Ireland,2016,6.03125
Ireland,2017,6.03125
Ireland,2018,6.03125
Japan,2000,767.1051891
Japan,2001,768.8262575
Japan,2002,768.8262575
Japan,2003,768.8262575
Japan,2004,768.8262575
Japan,2005,768.8262575
Japan,2006,768.8262575
Japan,2007,768.8262575
Japan,2008,768.8262575
Japan,2009,768.8262575
Japan,2010,768.8262575
Japan,2011,768.8262575
Japan,2012,768.8262575
Japan,2013,768.8262575
Japan,2014,768.8262575
Japan,2015,768.8262575
Japan,2016,768.8262575
Japan,2017,768.8262575
Japan,2018,768.8262575
Kazakhstan,2000,57.4845574
Kazakhstan,2001,57.48999125
Kazakhstan,2002,53.38757226
Kazakhstan,2003,54.36756591
Kazakhstan,2004,57.33177931
Kazakhstan,2005,60.03362287
Kazakhstan,2006,67.65391397
Kazakhstan,2007,69.87501266
Kazakhstan,2008,72.27806372
Kazakhstan,2009,70.78428163
Kazakhstan,2010,67.63534331
Kazakhstan,2011,82.38417128
Kazakhstan,2012,115.8319946
Kazakhstan,2013,144.382384
Kazakhstan,2014,192.6914979
Kazakhstan,2015,222.8784985
Kazakhstan,2016,259.2694459
Kazakhstan,2017,301.2433258
Kazakhstan,2018,352.0987192
Kenya,2000,0.0148125
Kenya,2001,0.0148125
Kenya,2002,0.015625
Kenya,2003,0.015625
Kenya,2004,0.015625
Kenya,2005,0.015625
Kenya,2006,0.015625
Kenya,2007,0.015625
Kenya,2008,0.015625
Kenya,2009,0.015625
Kenya,2010,0.015625
Kenya,2011,0.015625
Kenya,2012,0.015625
Kenya,2013,0.01875
Kenya,2014,0.01875
Kenya,2015,0.01875
Kenya,2016,0.01875
Kenya,2017,0.01875
Kenya,2018,0
Jordan,2000,12.52721875
Jordan,2001,12.65625
Jordan,2002,12.8093125
Jordan,2003,12.84271875
Jordan,2004,12.84375
Jordan,2005,12.84375
Jordan,2006,12.790625
Jordan,2007,14.353125
Jordan,2008,12.821875
Jordan,2009,12.8125
Jordan,2010,12.8125
Jordan,2011,12.8125
Jordan,2012,13.91759375
Jordan,2013,15.625
Jordan,2014,19.375
Jordan,2015,41.5625
Jordan,2016,41.5625
Jamaica,2000,0
Jamaica,2001,0
Jamaica,2002,0
Jamaica,2003,0
Jamaica,2004,0
Jamaica,2005,0
Jamaica,2006,0
Jamaica,2007,0
Jamaica,2008,0
Jamaica,2009,0
Jamaica,2010,0
Jamaica,2011,0
Jamaica,2012,0
Jamaica,2013,0
Jamaica,2014,0
Jamaica,2015,0
Jamaica,2016,0
Jamaica,2017,0
Jamaica,2018,0
Kuwait,2000,79.33035059
Kuwait,2001,79.33035059
Kuwait,2002,79.33035059
Kuwait,2003,79.33035059
Kuwait,2004,79.33035059
Kuwait,2005,79.33035059
Kuwait,2006,79.33035059
Kuwait,2007,79.33035059
Kuwait,2008,79.33035059
Kuwait,2009,79.33035059
Kuwait,2010,79.26785059
Kuwait,2011,79.33035059
Kuwait,2012,79.33035059
Kuwait,2013,79.33035059
Kuwait,2014,79.33035059
Kuwait,2015,79.33035059
Kuwait,2016,79.33035059
Kuwait,2017,79.328125
Kuwait,2018,79.33035059
Kyrgyz Republic,2000,2.596560313
Kyrgyz Republic,2001,2.596875
Kyrgyz Republic,2002,2.596875
Kyrgyz Republic,2003,2.5965625
Kyrgyz Republic,2004,2.5965625
Kyrgyz Republic,2005,2.596562281
Kyrgyz Republic,2006,2.596562281
Kyrgyz Republic,2007,2.596562281
Kyrgyz Republic,2008,2.596562281
Kyrgyz Republic,2009,2.5965625
Kyrgyz Republic,2010,2.5965625
Kyrgyz Republic,2011,2.621490625
Kyrgyz Republic,2012,3.07103775
Kyrgyz Republic,2013,3.626875
Kyrgyz Republic,2014,3.956773406
Kyrgyz Republic,2015,4.245663406
Kyrgyz Republic,2016,4.599174344
Kyrgyz Republic,2017,6.98063925
Kyrgyz Republic,2018,11.24655347
Lao People's Democratic Republic,2000,0.526785714
Lao People's Democratic Republic,2001,2.258928571
Lao People's Democratic Republic,2002,2.258928571
Lao People's Democratic Republic,2003,3.660714286
Lao People's Democratic Republic,2004,3.660714286
Lao People's Democratic Republic,2005,4.553571429
Lao People's Democratic Republic,2006,6.5625
Lao People's Democratic Republic,2007,6.5625
Lao People's Democratic Republic,2008,8.919642857
Lao People's Democratic Republic,2009,8.919642857
Lao People's Democratic Republic,2010,8.919642857
Lao People's Democratic Republic,2011,8.919642857
Lao People's Democratic Republic,2012,8.919642857
Lao People's Democratic Republic,2013,8.90625
Lao People's Democratic Republic,2014,8.90625
Lao People's Democratic Republic,2015,0.334499375
Lao People's Democratic Republic,2016,0.885080911
Lao People's Democratic Republic,2017,0.885080911
Lao People's Democratic Republic,2018,0.885080911
"Kosovo, Republic of",2007,0
"Kosovo, Republic of",2008,0
"Kosovo, Republic of",2009,0
"Kosovo, Republic of",2010,0
"Kosovo, Republic of",2011,0
"Kosovo, Republic of",2012,0
"Kosovo, Republic of",2013,0
"Kosovo, Republic of",2014,0
"Kosovo, Republic of",2015,0
"Kosovo, Republic of",2016,0
"Kosovo, Republic of",2017,0
"Kosovo, Republic of",2018,0
"Korea, Republic of",2000,13.72132557
"Korea, Republic of",2001,13.80170238
"Korea, Republic of",2002,13.89011687
"Korea, Republic of",2003,14.04082338
"Korea, Republic of",2004,14.1925346
"Korea, Republic of",2005,14.30506213
"Korea, Republic of",2006,13.06524989
"Korea, Republic of",2007,14.33721285
"Korea, Republic of",2008,14.38744836
"Korea, Republic of",2009,14.48892408
"Korea, Republic of",2010,14.50499944
"Korea, Republic of",2011,54.69440738
"Korea, Republic of",2012,84.83570981
"Korea, Republic of",2013,104.9299114
"Korea, Republic of",2014,104.9369444
"Korea, Republic of",2015,104.8917324
"Korea, Republic of",2016,104.8917324
"Korea, Republic of",2017,104.8917324
"Korea, Republic of",2018,104.8917324
Lebanon,2013,288.1875
Lebanon,2014,288.1875
Lebanon,2015,288.1875
Lebanon,2016,288.1875
Lebanon,2000,288.1875
Lebanon,2001,288.1875
Lebanon,2002,288.1875
Lebanon,2003,288.1875
Lebanon,2004,288.1875
Lebanon,2005,288.1875
Lebanon,2006,288.1875
Lebanon,2007,288.1875
Lebanon,2008,288.1875
Lebanon,2009,288.1875
Lebanon,2010,288.1875
Lebanon,2011,288.1875
Lebanon,2012,288.1875
Lebanon,2017,288.1875
Lebanon,2018,288.1875
Latvia,2000,7.771875
Latvia,2001,7.76875
Latvia,2002,7.76875
Latvia,2003,7.76875
Latvia,2004,7.76875
Latvia,2005,7.771875
Latvia,2006,7.771875
Latvia,2007,7.771875
Latvia,2008,7.771875
Latvia,2009,7.771875
Latvia,2010,7.771875
Latvia,2011,7.771875
Latvia,2012,7.771875
Latvia,2013,7.771875
Latvia,2014,6.65625
Latvia,2015,6.65625
Latvia,2016,6.65625
Latvia,2017,6.65625
Latvia,2018,6.65625
Libya,2000,144.5
Libya,2001,144.5
Libya,2002,144.5
Libya,2003,144.5
Libya,2004,144.5
Libya,2005,144.5
Libya,2006,144.5
Libya,2007,144.5
Libya,2008,144.5
Libya,2009,144.5
Libya,2010,144.5
Libya,2011,117.1875
Libya,2012,117.1875
Libya,2013,117.1875
Libya,2014,117.1875
Libya,2015,117.1875
Libya,2016,117.1875
Libya,2017,117.1875
Libya,2018,117.1875
Lithuania,2000,5.821875
Lithuania,2001,5.815625
Lithuania,2002,5.81875
Lithuania,2003,5.81875
Lithuania,2004,5.80625
Lithuania,2005,5.80625
Lithuania,2006,5.80625
Lithuania,2007,5.821875
Lithuania,2008,5.834375
Lithuania,2009,5.84375
Lithuania,2010,5.84375
Lithuania,2011,5.84375
Lithuania,2012,5.84375
Lithuania,2013,5.84375
Lithuania,2014,5.84375
Lithuania,2015,5.84375
Lithuania,2016,5.84375
Lithuania,2017,5.84375
Lithuania,2018,5.84375
Malawi,2000,0.40115625
Malawi,2001,0.40115625
Malawi,2002,0.40115625
Malawi,2003,0.40115625
Malawi,2004,0.40115625
Malawi,2005,0.40115625
Malawi,2006,0.40115625
Malawi,2007,0.40115625
Malawi,2008,0.4
Malawi,2009,0.4
Malawi,2010,0.4
Malawi,2011,0.4
Malawi,2012,0.402338125
Malawi,2013,0.401156188
Malawi,2014,0.401156188
Maldives,2000,0
Maldives,2001,0
Maldives,2002,0
Maldives,2003,0
Maldives,2004,0
Maldives,2005,0
Maldives,2006,0
Maldives,2007,0
Maldives,2008,0
Maldives,2009,0
Maldives,2010,0
Maldives,2011,0
Maldives,2012,0
Maldives,2013,0
Maldives,2014,0
Maldives,2015,0
Maldives,2016,0
Maldives,2017,0
Maldives,2018,0
Luxembourg,2000,2.375
Luxembourg,2001,2.375
Luxembourg,2002,2.375
Luxembourg,2003,2.34375
Luxembourg,2004,2.3125
Luxembourg,2005,2.3125
Luxembourg,2006,2.3125
Luxembourg,2007,2.3125
Luxembourg,2008,2.28125
Luxembourg,2009,2.25
Luxembourg,2010,2.25
Luxembourg,2011,2.25
Luxembourg,2012,2.25
Luxembourg,2013,2.25
Luxembourg,2014,2.25
Luxembourg,2015,2.25
Luxembourg,2016,2.25
Luxembourg,2017,2.25
Luxembourg,2018,2.25
Malaysia,2000,36.5625
Malaysia,2001,36.5625
Malaysia,2002,36.5625
Malaysia,2003,36.5625
Malaysia,2004,36.5625
Malaysia,2005,36.5625
Malaysia,2006,36.5625
Malaysia,2007,36.5625
Malaysia,2008,36.5625
Malaysia,2009,36.5625
Malaysia,2010,36.5625
Malaysia,2011,36.5625
Malaysia,2012,36.5625
Malaysia,2013,36.5625
Malaysia,2014,35.9375
Malaysia,2015,38.4375
Malaysia,2016,38.4375
Malaysia,2017,37.8125
Malaysia,2018,39.0625
Mali,2000,0
Mali,2001,0
Mali,2002,0
Mali,2003,0
Mali,2004,0
Mali,2005,0
Mali,2006,0
Mali,2007,0
Mali,2008,0
Mali,2009,0
Mali,2010,0
Mali,2011,0
Mali,2012,0
Mali,2013,0
Mali,2014,0
Mali,2015,0
Mali,2016,0
Mali,2017,0
Mali,2018,0
"Micronesia, Federated States of",2000,0
"Micronesia, Federated States of",2001,0
"Micronesia, Federated States of",2002,0
"Micronesia, Federated States of",2003,0
"Micronesia, Federated States of",2004,0
"Micronesia, Federated States of",2005,0
"Micronesia, Federated States of",2006,0
"Micronesia, Federated States of",2007,0
"Micronesia, Federated States of",2008,0
"Micronesia, Federated States of",2009,0
"Micronesia, Federated States of",2010,0
"Micronesia, Federated States of",2011,0
"Micronesia, Federated States of",2012,0
"Micronesia, Federated States of",2013,0
"Micronesia, Federated States of",2014,0
"Micronesia, Federated States of",2015,0
"Micronesia, Federated States of",2016,0
"Micronesia, Federated States of",2017,0
Mauritius,2015,8.924375
Mauritius,2016,12.4871875
Mauritius,2000,1.9278125
Mauritius,2001,1.9278125
Mauritius,2002,1.9278125
Mauritius,2003,1.9278125
Mauritius,2004,1.9278125
Mauritius,2005,1.9278125
Mauritius,2006,1.9278125
Mauritius,2007,1.9278125
Mauritius,2008,1.92125
Mauritius,2009,3.930625
Mauritius,2010,3.93065625
Mauritius,2011,3.930625
Mauritius,2012,4.0625
Mauritius,2013,3.90625
Mauritius,2014,7.93375
Mauritius,2017,12.4953125
Mauritius,2018,12.4953125
Mexico,2000,7.792531387
Mexico,2001,7.224870191
Mexico,2002,7.020914045
Mexico,2003,5.321949298
Mexico,2004,4.35240407
Mexico,2005,3.384868262
Mexico,2006,2.891555613
Mexico,2007,3.708384908
Mexico,2008,6.242263732
Mexico,2009,8.609360683
Mexico,2010,7.093253171
Mexico,2011,106.4932403
Mexico,2012,125.1205652
Mexico,2013,123.6928722
Mexico,2014,123.3010353
Mexico,2015,122.0190252
Mexico,2016,121.0243622
Mexico,2017,120.7892601
Mexico,2018,120.5812851
Malta,2000,0.125
Malta,2001,0.15625
Malta,2002,0.111212031
Malta,2003,0.111175469
Malta,2004,0.125
Malta,2005,0.125
Malta,2006,0.175
Malta,2007,0.5
Malta,2008,0.184375
Malta,2009,0.184375
Malta,2010,0.096875
Malta,2011,0.3125
Malta,2012,0.3125
Malta,2013,0.3125
Malta,2014,0.096875
Malta,2015,0.09375
Malta,2016,0.09375
Malta,2017,0.09375
Malta,2018,0.09375
Mauritania,2000,0.359375
Mauritania,2001,0.359375
Mauritania,2002,0.359375
Mauritania,2003,0.359375
Mauritania,2004,0.359375
Mauritania,2005,0.359375
Mauritania,2006,0.359375
Mauritania,2007,0.359375
Mauritania,2008,0.359375
Mauritania,2009,0.359375
Mauritania,2010,0.359375
Mauritania,2011,0.359375
Mauritania,2012,0.359375
Mauritania,2013,0.359375
Mauritania,2014,0.359375
Mauritania,2015,0.359375
Mauritania,2016,0.359375
Mauritania,2017,0.359375
Mauritania,2018,0.359375
"Middle East, North Africa, Afghanistan, and Pakistan",2000,1397.284945
"Middle East, North Africa, Afghanistan, and Pakistan",2001,1397.39057
"Middle East, North Africa, Afghanistan, and Pakistan",2002,1388.584784
"Middle East, North Africa, Afghanistan, and Pakistan",2003,1376.302191
"Middle East, North Africa, Afghanistan, and Pakistan",2004,1253.473687
"Middle East, North Africa, Afghanistan, and Pakistan",2005,1252.767708
"Middle East, North Africa, Afghanistan, and Pakistan",2006,1252.714667
"Middle East, North Africa, Afghanistan, and Pakistan",2007,1266.270323
"Middle East, North Africa, Afghanistan, and Pakistan",2008,1437.27479
"Middle East, North Africa, Afghanistan, and Pakistan",2009,1437.296665
"Middle East, North Africa, Afghanistan, and Pakistan",2010,1436.145577
"Middle East, North Africa, Afghanistan, and Pakistan",2011,1408.895366
"Middle East, North Africa, Afghanistan, and Pakistan",2012,1434.062567
"Middle East, North Africa, Afghanistan, and Pakistan",2013,1448.311192
"Middle East, North Africa, Afghanistan, and Pakistan",2014,1499.940558
"Middle East, North Africa, Afghanistan, and Pakistan",2015,1539.568127
"Middle East, North Africa, Afghanistan, and Pakistan",2016,1547.155339
"Middle East, North Africa, Afghanistan, and Pakistan",2017,1550.467127
"Middle East, North Africa, Afghanistan, and Pakistan",2018,1560.401438
Montenegro,2002,0
Montenegro,2003,0
Montenegro,2004,0
Montenegro,2005,0
Montenegro,2006,1.202427813
Montenegro,2007,0
Montenegro,2008,0
Montenegro,2009,0
Montenegro,2010,0
Montenegro,2011,0
Montenegro,2012,0
Montenegro,2013,0
Montenegro,2014,0
Montenegro,2015,0
Montenegro,2016,0
Montenegro,2017,0
Montenegro,2018,0
Moldova,2000,0
Moldova,2001,0
Moldova,2002,0
Moldova,2003,0
Moldova,2004,0
Moldova,2005,0
Moldova,2006,0
Moldova,2007,0
Moldova,2008,0
Moldova,2009,0
Moldova,2010,0
Moldova,2011,0.007103316
Moldova,2012,0.074482703
Moldova,2013,0.074482703
Moldova,2014,0.074482703
Moldova,2015,0.074482703
Moldova,2016,0.074482703
Moldova,2017,0.074482703
Moldova,2018,0.074482703
Morocco,2000,22.0625
Morocco,2001,22.09375
Morocco,2002,22.12428125
Morocco,2003,22.12579453
Morocco,2004,22.12566547
Morocco,2005,22.12566547
Morocco,2006,22.125
Morocco,2007,22.125
Morocco,2008,22.125
Morocco,2009,22.15625
Morocco,2010,22.14891156
Morocco,2011,22.148923
Morocco,2012,22.14892303
Morocco,2013,22.14895528
Morocco,2014,22.16775647
Morocco,2015,22.19531187
Morocco,2016,22.20210719
Morocco,2017,22.20976406
Morocco,2018,22.21975594
Mongolia,2000,2.65401875
Mongolia,2001,5.75433
Mongolia,2002,4.452211563
Mongolia,2003,0.5
Mongolia,2004,1.005755938
Mongolia,2005,0
Mongolia,2006,6.696457188
Mongolia,2007,7.5
Mongolia,2008,3.4203625
Mongolia,2009,0.935776875
Mongolia,2010,2.024744688
Mongolia,2011,3.524026875
Mongolia,2012,3.678680625
Mongolia,2013,3.944783438
Mongolia,2014,2.887421875
Mongolia,2015,2.240359375
Mongolia,2016,1.746896563
Mongolia,2017,4.277450094
Mongolia,2018,18.76817
Myanmar,2000,7.23125
Myanmar,2001,7.23125
Myanmar,2002,7.23125
Myanmar,2003,7.23125
Myanmar,2004,7.23125
Myanmar,2005,7.23125
Myanmar,2006,7.23125
Myanmar,2007,7.303125
Myanmar,2008,7.303125
Myanmar,2009,7.303125
Myanmar,2010,7.303125
Myanmar,2011,7.303125
Myanmar,2012,7.303125
Myanmar,2013,7.303125
Myanmar,2014,7.303125
Myanmar,2015,7.303125
Myanmar,2016,7.303125
Myanmar,2017,7.303125
Myanmar,2018,7.303125
Namibia,2000,0
Namibia,2001,0
Namibia,2002,0
Namibia,2003,0
Namibia,2004,0
Namibia,2005,0
Namibia,2006,0
Namibia,2007,0
Namibia,2008,0
Namibia,2009,0
Namibia,2010,0
Namibia,2011,0
Namibia,2012,0
Namibia,2013,0
Namibia,2014,0
Namibia,2015,0
Namibia,2016,0
Namibia,2017,0
Namibia,2018,0
Nepal,2000,4.7751875
Nepal,2001,4.775
Nepal,2002,4.775125
Nepal,2003,4.775125
Nepal,2004,4.77496875
Nepal,2005,4.03378125
Nepal,2006,0
Nepal,2007,0
Nepal,2008,0
Nepal,2009,1.462916313
Nepal,2010,1.462916313
Nepal,2011,1.462916313
Nepal,2012,2.08791625
Nepal,2013,3.65041625
Nepal,2014,4.90041625
Nepal,2015,6.15041625
Nepal,2016,6.46291625
Nepal,2017,6.46291625
Nepal,2018,6.46291625
Mozambique,2000,2.1795625
Mozambique,2001,1.554577188
Mozambique,2002,2.023327188
Mozambique,2003,0.773327188
Mozambique,2004,2.023209375
Mozambique,2005,2.975349281
Mozambique,2006,2.975349219
Mozambique,2007,2.975349219
Mozambique,2008,2.975349219
Mozambique,2009,2.350349219
Mozambique,2010,2.35
Mozambique,2011,2.505918906
Mozambique,2012,3.599668906
Mozambique,2013,5.474668906
Mozambique,2014,5.474668906
Mozambique,2015,5.006075156
Mozambique,2016,4.383926563
Mozambique,2017,4.384645181
Mozambique,2018,4.390153021
Netherlands,2000,916.09375
Netherlands,2001,888.6875
Netherlands,2002,855.6875
Netherlands,2003,781.125
Netherlands,2004,781.125
Netherlands,2005,698.21875
Netherlands,2006,643.96875
Netherlands,2007,624.375
Netherlands,2008,615.34375
Netherlands,2009,615.34375
Netherlands,2010,615.34375
Netherlands,2011,615.34375
Netherlands,2012,615.34375
Netherlands,2013,615.34375
Netherlands,2014,615.34375
Netherlands,2015,615.34375
Netherlands,2016,615.34375
Netherlands,2017,615.34375
Netherlands,2018,615.34375
Niger,2000,0
Niger,2001,0
Niger,2002,0
Niger,2003,0
Niger,2004,0
Niger,2005,0
Niger,2006,0
Niger,2007,0
Niger,2008,0
Niger,2009,0
Niger,2010,0
Niger,2011,0
Niger,2012,0
Niger,2013,0
Niger,2014,0
Niger,2015,0
Niger,2016,0
Niger,2017,0
Niger,2018,0
New Zealand,2000,0
New Zealand,2001,0
New Zealand,2002,0
New Zealand,2003,0
New Zealand,2004,0
New Zealand,2005,0
New Zealand,2006,0
New Zealand,2007,0
New Zealand,2008,0
New Zealand,2009,0
New Zealand,2010,0
New Zealand,2011,0
New Zealand,2012,0
New Zealand,2013,0
New Zealand,2014,0
New Zealand,2015,0
New Zealand,2016,0
New Zealand,2017,0
New Zealand,2018,0
Netherlands Antilles,2000,13.15625
Netherlands Antilles,2001,13.15625
Netherlands Antilles,2002,13.15625
Netherlands Antilles,2003,13.15625
Netherlands Antilles,2004,13.15625
Netherlands Antilles,2005,13.15625
Netherlands Antilles,2006,13.15625
Netherlands Antilles,2007,13.15625
Netherlands Antilles,2008,13.15625
Netherlands Antilles,2009,13.15625
Nigeria,2000,21.46875
Nigeria,2001,21.46875
Nigeria,2002,21.46875
Nigeria,2003,21.46875
Nigeria,2004,21.46875
Nigeria,2005,21.46875
Nigeria,2006,21.46875
Nigeria,2007,21.46875
Nigeria,2008,21.46875
Nigeria,2009,21.46875
Nigeria,2010,21.46875
Nigeria,2011,21.46875
Nigeria,2012,21.46875
Nigeria,2013,21.46875
Nigeria,2014,21.46875
Nigeria,2015,21.46875
Nigeria,2016,21.46875
Nigeria,2017,21.46875
Nicaragua,2000,0.457988125
Nicaragua,2001,0.462454063
Nicaragua,2002,0.462454063
Nicaragua,2003,0.462454063
Nicaragua,2004,0
Nicaragua,2005,0
Nicaragua,2006,0
Nicaragua,2007,0
Nicaragua,2008,0
Nicaragua,2009,0
Nicaragua,2010,0
Nicaragua,2011,0
Nicaragua,2012,0
Nicaragua,2013,0
Nicaragua,2014,0
Nicaragua,2015,0
Nicaragua,2016,0
Nicaragua,2017,0
Nicaragua,2018,0
"North Macedonia, Republic of",2000,3.510457023
"North Macedonia, Republic of",2001,6.066439468
"North Macedonia, Republic of",2002,6.192028228
"North Macedonia, Republic of",2003,2.777018663
"North Macedonia, Republic of",2004,6.168919896
"North Macedonia, Republic of",2005,6.820976739
"North Macedonia, Republic of",2006,6.820976739
"North Macedonia, Republic of",2007,6.820976739
"North Macedonia, Republic of",2008,6.820976739
"North Macedonia, Republic of",2009,6.820976739
"North Macedonia, Republic of",2010,6.819972029
"North Macedonia, Republic of",2011,6.857919416
"North Macedonia, Republic of",2012,6.822873407
"North Macedonia, Republic of",2013,6.823208125
"North Macedonia, Republic of",2014,6.832993369
"North Macedonia, Republic of",2015,6.839081834
"North Macedonia, Republic of",2016,6.911364602
"North Macedonia, Republic of",2017,6.920534522
"North Macedonia, Republic of",2018,6.923374688
Papua New Guinea,2000,1.96875
Papua New Guinea,2001,1.96875
Papua New Guinea,2002,1.96875
Papua New Guinea,2003,1.96875
Papua New Guinea,2004,1.96875
Papua New Guinea,2005,1.96875
Papua New Guinea,2006,1.96875
Papua New Guinea,2007,1.96875
Papua New Guinea,2008,1.96875
Papua New Guinea,2009,1.96875
Papua New Guinea,2010,1.96875
Papua New Guinea,2011,1.96875
Papua New Guinea,2012,1.96875
Papua New Guinea,2013,1.96875
Papua New Guinea,2014,1.96875
Papua New Guinea,2015,1.96875
Papua New Guinea,2016,1.96875
Papua New Guinea,2017,1.96875
Papua New Guinea,2018,1.96875
Norway,2000,36.96875
Norway,2001,36.96875
Norway,2002,36.9375
Norway,2003,36.875
Norway,2004,0
Norway,2005,0
Norway,2006,0
Norway,2007,0
Norway,2008,0
Norway,2009,0
Norway,2010,0
Norway,2011,0
Norway,2012,0
Norway,2013,0
Norway,2014,0
Norway,2015,0
Norway,2016,0
Norway,2017,0
Norway,2018,0
Oman,2000,9.0818125
Oman,2001,9.0818125
Oman,2002,0.0193125
Oman,2003,0.0193125
Oman,2004,0.0193125
Oman,2005,0.0193125
Oman,2006,0.0193125
Oman,2007,0.0193125
Oman,2008,0.01875
Oman,2009,0.01875
Oman,2010,0.01875
Oman,2011,0.01875
Oman,2012,0.0193125
Oman,2013,0.0193125
Oman,2014,0.02009375
Oman,2015,0.02009375
Oman,2016,0.02009375
Oman,2017,0.02009375
Oman,2018,0.02009375
Pakistan,2000,65.3375
Pakistan,2001,65.3375
Pakistan,2002,65.41875
Pakistan,2003,65.50625
Pakistan,2004,65.578125
Pakistan,2005,65.578125
Pakistan,2006,65.621875
Pakistan,2007,65.74375
Pakistan,2008,65.74375
Pakistan,2009,65.74375
Pakistan,2010,64.69375
Pakistan,2011,64.703125
Pakistan,2012,64.734375
Pakistan,2013,64.73827347
Pakistan,2014,64.77333275
Pakistan,2015,64.80344394
Pakistan,2016,64.82849134
Pakistan,2017,64.8635005
Pakistan,2018,64.91861388
Poland,2000,103.3125
Poland,2001,103.375
Poland,2002,103.40625
Poland,2003,103.34375
Poland,2004,103.375
Poland,2005,103.375
Poland,2006,103.375
Poland,2007,103.375
Poland,2008,103.40625
Poland,2009,103.3981597
Poland,2010,103.4035572
Poland,2011,103.4035572
Poland,2012,103.4035572
Poland,2013,103.4035572
Poland,2014,103.4123394
Poland,2015,103.414265
Poland,2016,103.4464079
Poland,2017,103.4544211
Poland,2018,129.2403177
Paraguay,2000,1.091625
Paraguay,2001,1.091625
Paraguay,2002,1.091625
Paraguay,2003,1.091625
Paraguay,2004,0
Paraguay,2005,0
Paraguay,2006,0
Paraguay,2007,0
Paraguay,2008,0.663125
Paraguay,2009,0.663125
Paraguay,2010,0.663125
Paraguay,2011,0.663125
Paraguay,2012,8.23203125
Paraguay,2013,8.23203125
Paraguay,2014,8.23203125
Paraguay,2015,8.23203125
Paraguay,2016,8.23203125
Paraguay,2017,8.23203125
Paraguay,2018,8.23203125
Philippines,2000,225.8895
Philippines,2001,249.388875
Philippines,2002,272.7723125
Philippines,2003,256.7957188
Philippines,2004,222.46875
Philippines,2005,155.245625
Philippines,2006,144.4078125
Philippines,2007,132.2940625
Philippines,2008,154.668125
Philippines,2009,155.8359375
Philippines,2010,154.82625
Philippines,2011,159.8915625
Philippines,2012,193.62625
Philippines,2013,194.4210131
Philippines,2014,196.2179089
Philippines,2015,196.829783
Philippines,2016,197.2664634
Philippines,2017,197.2868606
Philippines,2018,198.8580804
Peru,2008,34.83882572
Peru,2009,34.83882572
Peru,2010,34.83882572
Peru,2011,34.83882572
Peru,2012,34.83882572
Peru,2013,34.83882572
Peru,2014,34.83882572
Peru,2015,34.83882572
Peru,2016,34.83882572
Peru,2000,34.375
Peru,2001,34.83894216
Peru,2002,34.83894216
Peru,2003,34.8388265
Peru,2004,34.8388265
Peru,2005,34.83882572
Peru,2006,34.83882572
Peru,2007,34.83882572
Peru,2017,34.83882572
Peru,2018,34.83882572
Qatar,2000,0.598125
Qatar,2001,0.598125
Qatar,2002,0.598125
Qatar,2003,0.598125
Qatar,2004,1.303125
Qatar,2005,0.5971875
Qatar,2006,0.5971875
Qatar,2007,12.46875
Qatar,2008,12.471875
Qatar,2009,12.471875
Qatar,2010,12.471875
Qatar,2011,12.471875
Qatar,2012,12.471875
Qatar,2013,12.471875
Qatar,2014,12.471875
Qatar,2015,22.32309375
Qatar,2016,29.8268303
Qatar,2017,29.83885801
Qatar,2018,31.40192935
Portugal,2000,609.5625
Portugal,2001,609.59375
Portugal,2002,594.625
Portugal,2003,519.5937813
Portugal,2004,464.46875
Portugal,2005,419.4375
Portugal,2006,384.375
Portugal,2007,384.34375
Portugal,2008,384.34375
Portugal,2009,384.3125
Portugal,2010,384.3125
Portugal,2011,384.28125
Portugal,2012,384.28125
Portugal,2013,384.28125
Portugal,2014,384.3125
Portugal,2015,384.3125
Portugal,2016,384.28125
Portugal,2017,384.303
Portugal,2018,384.3125
San Marino,2000,0
San Marino,2001,0
San Marino,2002,0
San Marino,2003,0
San Marino,2004,0
San Marino,2005,0
San Marino,2006,0
San Marino,2007,0
San Marino,2008,0
San Marino,2009,0
San Marino,2010,0
San Marino,2011,0
San Marino,2012,0
San Marino,2013,0
San Marino,2014,0
San Marino,2015,0
San Marino,2016,0
San Marino,2017,0
San Marino,2018,0
Rwanda,2012,0
Rwanda,2013,0
Rwanda,2014,0
Rwanda,2015,0
Rwanda,2016,0
Rwanda,2000,0
Rwanda,2001,0
Rwanda,2002,0
Rwanda,2003,0
Rwanda,2004,0
Rwanda,2005,0
Rwanda,2006,0
Rwanda,2007,0
Rwanda,2008,0
Rwanda,2009,0
Rwanda,2010,0
Rwanda,2011,0
Rwanda,2017,0
Rwanda,2018,0
Romania,2000,105.4375
Romania,2001,105.6875
Romania,2002,105.8125
Romania,2003,105.5625
Romania,2004,105.5307925
Romania,2005,105.33125
Romania,2006,105.1875
Romania,2007,104.2
Romania,2008,104.196875
Romania,2009,104.209375
Romania,2010,104.209375
Romania,2011,104.20625
Romania,2012,104.20625
Romania,2013,104.2062482
Romania,2014,104.20625
Romania,2015,104.19375
Romania,2016,104.1875
Romania,2017,104.1875
Romania,2018,104.1875
Russia,2000,386.21875
Russia,2001,424.96875
Russia,2002,389.5
Russia,2003,392.03125
Russia,2004,388.78125
Russia,2005,388.6875
Russia,2006,403.375
Russia,2007,452.46875
Russia,2008,522.03125
Russia,2009,652.09375
Russia,2010,792.34375
Russia,2011,887.125
Russia,2012,962.28125
Russia,2013,1040.09375
Russia,2014,1213.889283
Russia,2015,1421.21875
Russia,2016,1622.84375
Russia,2017,1847.4375
Russia,2018,2123
Senegal,2011,0
Senegal,2012,0
Senegal,2013,0
Senegal,2014,0
Senegal,2015,0
Senegal,2016,0
Senegal,2000,0
Senegal,2001,0
Senegal,2002,0
Senegal,2003,0
Senegal,2004,0
Senegal,2005,0
Senegal,2006,0
Senegal,2007,0
Senegal,2008,0
Senegal,2009,0
Senegal,2010,0
Senegal,2017,0
Senegal,2018,0
"Serbia, Republic of",2000,14.26688315
"Serbia, Republic of",2001,18.48666549
"Serbia, Republic of",2002,10.24804282
"Serbia, Republic of",2003,10.44898484
"Serbia, Republic of",2004,10.64992686
"Serbia, Republic of",2005,13.06123105
"Serbia, Republic of",2006,11.85557895
"Serbia, Republic of",2007,12.05652097
"Serbia, Republic of",2008,12.75981803
"Serbia, Republic of",2009,13.18179626
"Serbia, Republic of",2010,13.18179626
"Serbia, Republic of",2011,14.40754256
"Serbia, Republic of",2012,15.3643822
"Serbia, Republic of",2013,16.31649171
"Serbia, Republic of",2014,17.62261482
"Serbia, Republic of",2015,18.21539377
"Serbia, Republic of",2016,18.79812561
"Serbia, Republic of",2017,19.45120169
"Serbia, Republic of",2018,20.51619516
Saudi Arabia,2000,143.625
Saudi Arabia,2001,143.625
Saudi Arabia,2002,143.625
Saudi Arabia,2003,143.625
Saudi Arabia,2004,143.625
Saudi Arabia,2005,143.625
Saudi Arabia,2006,143.625
Saudi Arabia,2007,143.625
Saudi Arabia,2008,324.428125
Saudi Arabia,2009,324.428125
Saudi Arabia,2010,324.428125
Saudi Arabia,2011,324.428125
Saudi Arabia,2012,324.428125
Saudi Arabia,2013,324.428125
Saudi Arabia,2014,324.428125
Saudi Arabia,2015,324.428125
Saudi Arabia,2016,324.5919063
Saudi Arabia,2017,324.5919063
Saudi Arabia,2018,324.5919063
Singapore,2000,128
Singapore,2001,128
Singapore,2002,128
Singapore,2003,128
Singapore,2004,128
Singapore,2005,128
Singapore,2006,128
Singapore,2007,128
Singapore,2008,128
Singapore,2009,128
Singapore,2010,128
Singapore,2011,128
Singapore,2012,128
Singapore,2013,128
Singapore,2014,128
Singapore,2015,128
Singapore,2016,128
Singapore,2017,128
Singapore,2018,128
Slovenia,2000,0.010117129
Slovenia,2001,7.597245889
Slovenia,2002,7.59017273
Slovenia,2003,7.589295316
Slovenia,2004,7.588852963
Slovenia,2005,5.078019275
Slovenia,2006,5.077977556
Slovenia,2007,3.2046875
Slovenia,2008,3.21875
Slovenia,2009,3.21875
Slovenia,2010,3.197941875
Slovenia,2011,3.1875
Slovenia,2012,3.1875
Slovenia,2013,3.1875
Slovenia,2014,3.1875
Slovenia,2015,3.1875
Slovenia,2016,3.1875
Slovenia,2017,3.1875
Slovenia,2018,3.1875
Slovak Republic,2000,40.3125
Slovak Republic,2001,35.28125
Slovak Republic,2002,35.28125
Slovak Republic,2003,35.28125
Slovak Republic,2004,35.28125
Slovak Republic,2005,35.28125
Slovak Republic,2006,35.28125
Slovak Republic,2007,35.28125
Slovak Republic,2008,35.28125
Slovak Republic,2009,31.9375
Slovak Republic,2010,31.9375
Slovak Republic,2011,31.9375
Slovak Republic,2012,31.9375
Slovak Republic,2013,31.9375
Slovak Republic,2014,31.84375
Slovak Republic,2015,31.84375
Slovak Republic,2016,31.84375
Slovak Republic,2017,31.84375
Slovak Republic,2018,31.84375
Solomon Islands,2012,0.552561344
Solomon Islands,2013,0.751261563
Solomon Islands,2014,0.751261563
Solomon Islands,2015,0.751261563
Solomon Islands,2016,0.751261563
Solomon Islands,2017,0.7512605
Solomon Islands,2018,0.7512605
Sri Lanka,2000,10.51540688
Sri Lanka,2001,7.984156875
Sri Lanka,2002,6.765406875
Sri Lanka,2003,5.156656781
Sri Lanka,2004,5.20565625
Sri Lanka,2005,5.20565625
Sri Lanka,2006,5.20565625
Sri Lanka,2007,5.20565625
Sri Lanka,2008,5.3125
Sri Lanka,2009,21.19416122
Sri Lanka,2010,10.79763796
Sri Lanka,2011,10.02761926
Sri Lanka,2012,13.6871879
Sri Lanka,2013,23.05548447
Sri Lanka,2014,23.19259536
Sri Lanka,2015,22.36631412
Sri Lanka,2016,22.35263672
Sri Lanka,2017,22.37977632
South Sudan,2010,0
South Sudan,2011,0
South Sudan,2012,0
South Sudan,2013,0
South Sudan,2014,0
South Sudan,2015,0
South Sudan,2016,0
Spain,2000,525.90625
Spain,2001,525.90625
Spain,2002,525.875
Spain,2003,525.84375
Spain,2004,525.8125
Spain,2005,459.90625
Spain,2006,418.71875
Spain,2007,282.9375
Spain,2008,282.9375
Spain,2009,282.9375
Spain,2010,282.9375
Spain,2011,282.9375
Spain,2012,282.9375
Spain,2013,282.9375
Spain,2014,282.90625
Spain,2015,282.90625
Spain,2016,282.90625
Spain,2017,282.90625
Spain,2018,282.90625
South Africa,2000,184.375
South Africa,2001,178.75
South Africa,2002,174.375
South Africa,2003,124.21875
South Africa,2004,124.5
South Africa,2005,124.59375
South Africa,2006,124.6875
South Africa,2007,124.84375
South Africa,2008,125.28125
South Africa,2009,125.4375
South Africa,2010,125.5
South Africa,2011,125.59375
South Africa,2012,125.6875
South Africa,2013,125.6875
South Africa,2014,125.78125
South Africa,2015,125.8125
South Africa,2016,125.84375
South Africa,2017,125.90625
South Africa,2018,125.90625
Sub-Saharan Africa,2000,288.378013
Sub-Saharan Africa,2001,273.785132
Sub-Saharan Africa,2002,275.6243584
Sub-Saharan Africa,2003,213.6093584
Sub-Saharan Africa,2004,203.8537916
Sub-Saharan Africa,2005,204.093869
Sub-Saharan Africa,2006,204.6808245
Sub-Saharan Africa,2007,205.0684693
Sub-Saharan Africa,2008,205.1474397
Sub-Saharan Africa,2009,204.4263577
Sub-Saharan Africa,2010,204.4889663
Sub-Saharan Africa,2011,204.7601091
Sub-Saharan Africa,2012,206.0818222
Sub-Saharan Africa,2013,207.7936206
Sub-Saharan Africa,2014,211.9148706
Sub-Saharan Africa,2015,215.061986
Sub-Saharan Africa,2016,215.3808374
Sub-Saharan Africa,2017,215.4521775
Sub-Saharan Africa,2018,216.7561769
Switzerland,2000,2430.79557
Switzerland,2001,2208.855113
Switzerland,2002,1925.727812
Switzerland,2003,1640.992975
Switzerland,2004,1360.678863
Switzerland,2005,1296.176475
Switzerland,2006,1296.176475
Switzerland,2007,1150.604032
Switzerland,2008,1045.009002
Switzerland,2009,1045.009002
Switzerland,2010,1044.983884
Switzerland,2011,1044.978861
Switzerland,2012,1044.978861
Switzerland,2013,1044.969819
Switzerland,2014,1044.896448
Switzerland,2015,1044.896475
Switzerland,2016,1044.90625
Switzerland,2017,1044.90625
Switzerland,2018,1044.90625
Suriname,2000,8.006534634
Suriname,2001,8.282829907
Suriname,2002,0.641205974
Suriname,2003,0.644621988
Suriname,2004,0.641005032
Suriname,2005,0.980597039
Suriname,2006,1.073875321
Suriname,2007,1.244208828
Suriname,2008,1.459197608
Suriname,2009,1.736460304
Suriname,2010,1.980704059
Suriname,2011,2.215030001
Suriname,2012,2.324153743
Suriname,2013,1.046886876
Suriname,2014,1.343761876
Suriname,2015,1.343761876
Suriname,2016,0.792819096
Suriname,2017,0.943466875
Suriname,2018,1.38402938
Sweden,2000,186.2943479
Sweden,2001,186.2943479
Sweden,2002,186.2943479
Sweden,2003,186.2933432
Sweden,2004,186.2933432
Sweden,2005,169.1931776
Sweden,2006,159.2465478
Sweden,2007,149.50086
Sweden,2008,137.6452811
Sweden,2009,126.3161702
Sweden,2010,126.3161702
Sweden,2011,126.3161702
Sweden,2012,126.3161702
Sweden,2013,126.3161702
Sweden,2014,126.3161702
Sweden,2015,126.3161702
Sweden,2016,126.3161702
Sweden,2017,126.3125
Sweden,2018,126.3125
Syrian Arab Republic,2000,26.03125
Syrian Arab Republic,2001,26.03125
Syrian Arab Republic,2002,26.03125
Syrian Arab Republic,2003,26.03125
Syrian Arab Republic,2004,26.03125
Syrian Arab Republic,2005,26.03125
Syrian Arab Republic,2006,26.03125
Syrian Arab Republic,2007,26.03125
Syrian Arab Republic,2008,25.9375
Syrian Arab Republic,2009,25.9375
Syrian Arab Republic,2010,25.9375
Thailand,2000,73.96875
Thailand,2001,77.5
Thailand,2002,78.125
Thailand,2003,81.25
Thailand,2004,84.375
Thailand,2005,84.375
Thailand,2006,84.375
Thailand,2007,84.375
Thailand,2008,84.375
Thailand,2009,84.375
Thailand,2010,100
Thailand,2011,153.125
Thailand,2012,153.125
Thailand,2013,153.125
Thailand,2014,153.125
Thailand,2015,153.125
Thailand,2016,153.125
Thailand,2017,154.6875
Thailand,2018,154.6875
Taiwan,2000,423.75
Taiwan,2001,423.75
Taiwan,2002,423.75
Taiwan,2003,425.625
Taiwan,2004,425.3125
Taiwan,2005,425.3125
Taiwan,2006,425.3125
Taiwan,2007,425.3125
Taiwan,2008,425.625
Taiwan,2009,425.625
Taiwan,2010,425.625
Taiwan,2011,424.375
Taiwan,2012,425.625
Taiwan,2013,425.625
Taiwan,2014,425.625
Taiwan,2015,425.625
Taiwan,2016,425.625
Taiwan,2017,425.625
Taiwan,2018,425.625
"Timor-Leste, Dem. Rep. of",2002,0
"Timor-Leste, Dem. Rep. of",2003,0
"Timor-Leste, Dem. Rep. of",2004,0
"Timor-Leste, Dem. Rep. of",2005,0
"Timor-Leste, Dem. Rep. of",2006,0
"Timor-Leste, Dem. Rep. of",2007,0
"Timor-Leste, Dem. Rep. of",2008,0
"Timor-Leste, Dem. Rep. of",2009,0
"Timor-Leste, Dem. Rep. of",2010,0
"Timor-Leste, Dem. Rep. of",2011,0
"Timor-Leste, Dem. Rep. of",2012,0
"Timor-Leste, Dem. Rep. of",2013,0
"Timor-Leste, Dem. Rep. of",2014,0
"Timor-Leste, Dem. Rep. of",2015,0
"Timor-Leste, Dem. Rep. of",2016,0
"Timor-Leste, Dem. Rep. of",2017,0
"Timor-Leste, Dem. Rep. of",2018,0
Tajikistan,2000,0.161875
Tajikistan,2001,0.195
Tajikistan,2002,0
Tajikistan,2003,0.428125
Tajikistan,2004,1.0384375
Tajikistan,2005,1.260625
Tajikistan,2006,1.41125
Tajikistan,2007,1.6915625
Tajikistan,2008,2.14375
Tajikistan,2009,2.3096875
Tajikistan,2010,1.7546875
Tajikistan,2011,4.6875
Tajikistan,2012,6.25
Tajikistan,2013,5.2040625
Tajikistan,2014,8.6858125
Tajikistan,2015,12.64590625
Tajikistan,2016,14.65715625
Tajikistan,2017,15.67159781
Tajikistan,2018,22.365625
Tanzania,2000,2.34375
Tanzania,2001,2.34375
Tanzania,2002,2.34375
Tanzania,2003,0
Tanzania,2004,0
Tanzania,2005,0
Tanzania,2006,0
Tanzania,2007,0
Tanzania,2008,0
Tanzania,2009,0
Tanzania,2010,0
Tanzania,2011,0
Tanzania,2012,0
Tanzania,2013,0
Tanzania,2014,0
Turkey,2000,116.8347212
Turkey,2001,116.6508592
Turkey,2002,116.6508592
Turkey,2003,116.6508592
Turkey,2004,116.6508592
Turkey,2005,116.6508592
Turkey,2006,116.6508592
Turkey,2007,116.6506108
Turkey,2008,116.6506108
Turkey,2009,116.6506108
Turkey,2010,116.6506583
Turkey,2011,196.2539563
Turkey,2012,361.3344044
Turkey,2013,522.1850184
Turkey,2014,531.6004247
Turkey,2015,517.9481349
Turkey,2016,378.8323028
Turkey,2017,567.4405101
Turkey,2018,490.4742322
Togo,2000,0
Togo,2001,0
Togo,2002,0
Togo,2003,0
Togo,2004,0
Togo,2005,0
Togo,2006,0
Togo,2007,0
Togo,2008,0
Togo,2009,0
Togo,2010,0
Togo,2011,0
Togo,2012,0
Togo,2013,0
Togo,2014,0
Togo,2015,0
Togo,2016,0
Togo,2017,0
Togo,2018,0
Trinidad and Tobago,2000,1.8790625
Trinidad and Tobago,2001,1.896875
Trinidad and Tobago,2002,1.9034375
Trinidad and Tobago,2003,1.911005313
Trinidad and Tobago,2004,1.9126875
Trinidad and Tobago,2005,1.91365625
Trinidad and Tobago,2006,1.9146875
Trinidad and Tobago,2007,1.9145625
Trinidad and Tobago,2008,1.91625
Trinidad and Tobago,2009,1.921875
Trinidad and Tobago,2010,1.9281875
Trinidad and Tobago,2011,1.929375
Trinidad and Tobago,2012,1.92975
Trinidad and Tobago,2013,1.9304375
Trinidad and Tobago,2014,1.9315
Trinidad and Tobago,2015,1.93934375
Trinidad and Tobago,2016,1.93934375
Trinidad and Tobago,2017,1.942305219
Trinidad and Tobago,2018,1.946233
Tunisia,2000,6.875
Tunisia,2001,6.82034375
Tunisia,2002,6.805307438
Tunisia,2003,6.806544563
Tunisia,2004,6.806544563
Tunisia,2005,6.80653125
Tunisia,2006,6.80653125
Tunisia,2007,6.80625
Tunisia,2008,6.8125
Tunisia,2009,6.8125
Tunisia,2010,6.78125
Tunisia,2011,6.7716525
Tunisia,2012,6.771875
Tunisia,2013,6.8125
Tunisia,2014,6.8125
Tunisia,2015,6.8125
Tunisia,2016,6.8125
Tunisia,2017,6.8125
Tunisia,2018,6.8125
United Arab Emirates,2000,12.40625
United Arab Emirates,2001,12.40625
United Arab Emirates,2002,12.40625
United Arab Emirates,2003,0
United Arab Emirates,2004,0
United Arab Emirates,2005,0
United Arab Emirates,2006,0
United Arab Emirates,2007,0
United Arab Emirates,2008,0
United Arab Emirates,2009,0
United Arab Emirates,2010,0
United Arab Emirates,2011,0
United Arab Emirates,2012,0
United Arab Emirates,2013,0
United Arab Emirates,2014,0
United Arab Emirates,2015,7.531183808
United Arab Emirates,2016,7.450284704
United Arab Emirates,2017,7.658471333
United Arab Emirates,2018,7.530819647
Ukraine,2000,14.175
Ukraine,2001,15.096875
Ukraine,2002,23.4375
Ukraine,2003,19.6875
Ukraine,2004,16.25
Ukraine,2005,24.375
Ukraine,2006,25.3125
Ukraine,2007,26.15625
Ukraine,2008,26.6875
Ukraine,2009,27.125
Ukraine,2010,27.65625
Ukraine,2011,28.15625
Ukraine,2012,35.625
Ukraine,2013,42.5
Ukraine,2014,23.75
Ukraine,2015,27.5
Ukraine,2016,25.625
Ukraine,2017,25.625
Ukraine,2018,24.375
United Kingdom,2000,489.7961246
United Kingdom,2001,356.9259478
United Kingdom,2002,315.3542759
United Kingdom,2003,314.6988743
United Kingdom,2004,313.7202039
United Kingdom,2005,312.2703352
United Kingdom,2006,311.7108979
United Kingdom,2007,311.7222674
United Kingdom,2008,311.7221894
United Kingdom,2009,311.71875
United Kingdom,2010,311.71875
United Kingdom,2011,311.71875
United Kingdom,2012,311.71875
United Kingdom,2013,311.71875
United Kingdom,2014,311.71875
United Kingdom,2015,311.75
United Kingdom,2016,311.7513339
United Kingdom,2017,311.7513212
United Kingdom,2018,311.7513212
"Venezuela, Republica Bolivariana de",2011,367.5
"Venezuela, Republica Bolivariana de",2012,367.5
"Venezuela, Republica Bolivariana de",2013,369.375
"Venezuela, Republica Bolivariana de",2014,362.7253125
"Venezuela, Republica Bolivariana de",2015,274.2053125
"Venezuela, Republica Bolivariana de",2000,320
"Venezuela, Republica Bolivariana de",2001,341.875
"Venezuela, Republica Bolivariana de",2002,330
"Venezuela, Republica Bolivariana de",2003,358.4375
"Venezuela, Republica Bolivariana de",2004,359.0625
"Venezuela, Republica Bolivariana de",2005,358.4375
"Venezuela, Republica Bolivariana de",2006,358.75
"Venezuela, Republica Bolivariana de",2007,358.4375
"Venezuela, Republica Bolivariana de",2008,358.125
"Venezuela, Republica Bolivariana de",2009,362.5
"Venezuela, Republica Bolivariana de",2010,367.5
"Venezuela, Republica Bolivariana de",2016,187.775
"Venezuela, Republica Bolivariana de",2017,162.93125
Uzbekistan,2013,218.4375
Uzbekistan,2014,275.9375
Uzbekistan,2015,313.125
Uzbekistan,2016,330.3125
Uzbekistan,2017,338.125
Uzbekistan,2018,356.875
United States of America,2000,8175.34375
United States of America,2001,8187.5
United States of America,2002,8187.5
United States of America,2003,8173.327158
United States of America,2004,8174.572296
United States of America,2005,8173.454304
United States of America,2006,8171.840604
United States of America,2007,8171.840604
United States of America,2008,8171.840604
United States of America,2009,8171.840594
United States of America,2010,8171.840594
United States of America,2011,8171.840594
United States of America,2012,8171.841445
United States of America,2013,8171.841445
United States of America,2014,8171.841445
United States of America,2015,8171.841445
United States of America,2016,8171.841445
United States of America,2017,8171.841445
United States of America,2018,8171.841445
Vietnam,2000,0
Vietnam,2001,0
Vietnam,2002,0
Vietnam,2003,0
Vietnam,2004,0
Vietnam,2005,0
Vietnam,2006,0
Vietnam,2007,0
Vietnam,2008,0
Vietnam,2009,0
Vietnam,2010,0
Vietnam,2011,0
Vietnam,2012,0
Vietnam,2013,0
Vietnam,2014,0
Vietnam,2015,0
Vietnam,2016,0
Vietnam,2017,0
Vietnam,2018,0
Uruguay,2000,33.78125
Uruguay,2001,0.25
Uruguay,2002,0.2625
Uruguay,2003,0.262484688
Uruguay,2004,0.259767814
Uruguay,2005,0.263296562
Uruguay,2006,0.263149688
Uruguay,2007,0.265795001
Uruguay,2008,0.265365626
Uruguay,2009,0.265230625
Uruguay,2010,0.264335
Uruguay,2011,0.26388625
Uruguay,2012,0.258225009
Uruguay,2013,0.257685937
Uruguay,2014,0.257074688
Uruguay,2015,0.106857188
Uruguay,2016,0.103117944
Uruguay,2017,0.103566563
Uruguay,2018,0.103393751
West Bank and Gaza,2006,0
West Bank and Gaza,2007,0
West Bank and Gaza,2008,0
West Bank and Gaza,2009,0
West Bank and Gaza,2010,0
West Bank and Gaza,2011,0
West Bank and Gaza,2012,0
West Bank and Gaza,2013,0
West Bank and Gaza,2014,0
West Bank and Gaza,2015,0
West Bank and Gaza,2016,0
West Bank and Gaza,2017,0
West African Economic and Monetary Union (WAEMU),2000,33.06309375
West African Economic and Monetary Union (WAEMU),2001,34.90196875
West African Economic and Monetary Union (WAEMU),2002,36.63228125
West African Economic and Monetary Union (WAEMU),2003,36.633125
West African Economic and Monetary Union (WAEMU),2004,36.655875
West African Economic and Monetary Union (WAEMU),2005,36.655875
West African Economic and Monetary Union (WAEMU),2006,36.655875
West African Economic and Monetary Union (WAEMU),2007,36.655875
West African Economic and Monetary Union (WAEMU),2008,36.655875
West African Economic and Monetary Union (WAEMU),2009,36.655875
West African Economic and Monetary Union (WAEMU),2010,36.65630164
West African Economic and Monetary Union (WAEMU),2011,36.65630164
West African Economic and Monetary Union (WAEMU),2012,36.65630164
West African Economic and Monetary Union (WAEMU),2013,36.65630164
West African Economic and Monetary Union (WAEMU),2014,36.65630164
West African Economic and Monetary Union (WAEMU),2015,36.69483633
West African Economic and Monetary Union (WAEMU),2016,36.69483633
West African Economic and Monetary Union (WAEMU),2017,36.69483633
West African Economic and Monetary Union (WAEMU),2018,36.69483633
World,2000,33369.1927
World,2001,33088.70158
World,2002,32717.38251
World,2003,32157.02063
World,2004,31635.76385
World,2005,31029.67885
World,2006,30662.90561
World,2007,30156.0366
World,2008,30143.88614
World,2009,30670.81704
World,2010,30993.26881
World,2011,31361.08506
World,2012,31838.47534
World,2013,32187.67678
World,2014,32423.06996
World,2015,33171.71572
World,2016,33745.41501
World,2017,34147.99284
World,2018,34375.50639
Western Hemisphere,2000,581.490416
Western Hemisphere,2001,537.8637784
Western Hemisphere,2002,514.6655313
Western Hemisphere,2003,541.5278901
Western Hemisphere,2004,593.0535384
Western Hemisphere,2005,586.3757718
Western Hemisphere,2006,582.3953144
Western Hemisphere,2007,583.0203404
Western Hemisphere,2008,586.0948238
Western Hemisphere,2009,593.093055
Western Hemisphere,2010,603.5467774
Western Hemisphere,2011,720.7657833
Western Hemisphere,2012,780.81604
Western Hemisphere,2013,781.9421295
Western Hemisphere,2014,760.4833055
Western Hemisphere,2015,658.214443
Western Hemisphere,2016,567.6040588
Western Hemisphere,2017,545.317564
Western Hemisphere,2018,541.7238061
"Yemen, Republic of",2000,1.5625
"Yemen, Republic of",2001,1.5625
"Yemen, Republic of",2002,1.5625
"Yemen, Republic of",2003,1.5625
"Yemen, Republic of",2004,1.5625
"Yemen, Republic of",2005,1.5625
"Yemen, Republic of",2006,1.5625
"Yemen, Republic of",2007,1.5625
"Yemen, Republic of",2008,1.5625
"Yemen, Republic of",2009,1.5625
"Yemen, Republic of",2010,1.5625
"Yemen, Republic of",2011,1.5625
"Yemen, Republic of",2012,1.5625
"Yemen, Republic of",2013,1.5625
Zimbabwe,2005,0
Zimbabwe,2006,0
Zimbabwe,2007,0.700144778
Zimbabwe,2008,0.228895807
Zimbabwe,2009,0
Zimbabwe,2010,0
Zimbabwe,2011,0.021505125
Zimbabwe,2012,0.021505125
Zimbabwe,2013,0.012610438
Zimbabwe,2014,0.012610438
Zimbabwe,2015,0.4845625
Zimbabwe,2016,0.01259375
Zimbabwe,2000,14.59375
Zimbabwe,2001,6.1875
Zimbabwe,2002,4.40625
Zimbabwe,2003,3.8125
Zimbabwe,2004,0.790625
Zimbabwe,2017,0.01259375
Zimbabwe,2018,0.01259375
Zambia,2000,0
Zambia,2001,0
Zambia,2002,0
Zambia,2003,0
Zambia,2004,0
Zambia,2005,0
Zambia,2006,0
Zambia,2007,0
Zambia,2008,0
Zambia,2009,0
Zambia,2010,0
Zambia,2011,0
Zambia,2012,0
Zambia,2013,0
Zambia,2014,0
Zambia,2015,0
Zambia,2016,0
Zambia,2017,0
Zambia,2018,0
